report_date,country,region,tier,rank,game,provider,source_report
2026-03-06,Argentina,LATAM,Tier 2,1,Gates of Olympus 1000,Pragmatic Play,Tier2_Top15_06_03_Blask_iGamingNews.pdf
2026-03-06,Argentina,LATAM,Tier 2,2,Sugar Rush 1000,Pragmatic Play,Tier2_Top15_06_03_Blask_iGamingNews.pdf
2026-03-06,Argentina,LATAM,Tier 2,3,Sugar Rush,Pragmatic Play,Tier2_Top15_06_03_Blask_iGamingNews.pdf
2026-03-06,Argentina,LATAM,Tier 2,4,Gates of Olympus,Pragmatic Play,Tier2_Top15_06_03_Blask_iGamingNews.pdf
2026-03-06,Argentina,LATAM,Tier 2,5,Sweet Bonanza 1000,Pragmatic Play,Tier2_Top15_06_03_Blask_iGamingNews.pdf
2026-03-06,Argentina,LATAM,Tier 2,6,Gates of Olympus Super Scatter,Pragmatic Play,Tier2_Top15_06_03_Blask_iGamingNews.pdf
2026-03-06,Argentina,LATAM,Tier 2,7,Sweet Bonanza,Pragmatic Play,Tier2_Top15_06_03_Blask_iGamingNews.pdf
2026-03-06,Argentina,LATAM,Tier 2,8,European Roulette,Evoplay,Tier2_Top15_06_03_Blask_iGamingNews.pdf
2026-03-06,Argentina,LATAM,Tier 2,9,Zeus vs Hades Gods of War,Pragmatic Play,Tier2_Top15_06_03_Blask_iGamingNews.pdf
2026-03-06,Argentina,LATAM,Tier 2,10,Big Bass Splash,Reel Kingdom,Tier2_Top15_06_03_Blask_iGamingNews.pdf
2026-03-06,Argentina,LATAM,Tier 2,11,The Dog House Megaways,Pragmatic Play,Tier2_Top15_06_03_Blask_iGamingNews.pdf
2026-03-06,Argentina,LATAM,Tier 2,12,American Roulette,KA Gaming,Tier2_Top15_06_03_Blask_iGamingNews.pdf
2026-03-06,Argentina,LATAM,Tier 2,13,Bigger Bass Bonanza,Pragmatic Play,Tier2_Top15_06_03_Blask_iGamingNews.pdf
2026-03-06,Argentina,LATAM,Tier 2,14,Blackjack,Galaxsys,Tier2_Top15_06_03_Blask_iGamingNews.pdf
2026-03-06,Argentina,LATAM,Tier 2,15,Buffalo King Megaways,Pragmatic Play,Tier2_Top15_06_03_Blask_iGamingNews.pdf
2026-05-08,Argentina,LATAM,Tier 2,1,Mines,Various provider,Tier2_Top15_08_05_Blask_iGamingNews.pdf
2026-05-08,Argentina,LATAM,Tier 2,2,Sugar Rush 1000,Pragmatic Play,Tier2_Top15_08_05_Blask_iGamingNews.pdf
2026-05-08,Argentina,LATAM,Tier 2,3,Sugar Rush,Pragmatic Play,Tier2_Top15_08_05_Blask_iGamingNews.pdf
2026-05-08,Argentina,LATAM,Tier 2,4,Sweet Bonanza 1000,Pragmatic Play,Tier2_Top15_08_05_Blask_iGamingNews.pdf
2026-05-08,Argentina,LATAM,Tier 2,5,Joker's Jewels,Pragmatic Play,Tier2_Top15_08_05_Blask_iGamingNews.pdf
2026-05-08,Argentina,LATAM,Tier 2,6,Sweet Bonanza,Pragmatic Play,Tier2_Top15_08_05_Blask_iGamingNews.pdf
2026-05-08,Argentina,LATAM,Tier 2,7,5 Lions Megaways,Pragmatic Play,Tier2_Top15_08_05_Blask_iGamingNews.pdf
2026-05-08,Argentina,LATAM,Tier 2,8,Gates of Olympus,Pragmatic Play,Tier2_Top15_08_05_Blask_iGamingNews.pdf
2026-05-08,Argentina,LATAM,Tier 2,9,Aviator,Spribe,Tier2_Top15_08_05_Blask_iGamingNews.pdf
2026-05-08,Argentina,LATAM,Tier 2,10,Congo Cash,Pragmatic Play,Tier2_Top15_08_05_Blask_iGamingNews.pdf
2026-05-08,Argentina,LATAM,Tier 2,11,Buffalo King Megaways,Pragmatic Play,Tier2_Top15_08_05_Blask_iGamingNews.pdf
2026-05-08,Argentina,LATAM,Tier 2,12,Gates of Olympus Super Scatter,Pragmatic Play,Tier2_Top15_08_05_Blask_iGamingNews.pdf
2026-05-08,Argentina,LATAM,Tier 2,13,Big Bass Bonanza,Reel Kingdom,Tier2_Top15_08_05_Blask_iGamingNews.pdf
2026-05-08,Argentina,LATAM,Tier 2,14,Big Bass Splash,Reel Kingdom,Tier2_Top15_08_05_Blask_iGamingNews.pdf
2026-05-08,Argentina,LATAM,Tier 2,15,Gates of Olympus 1000,Pragmatic Play,Tier2_Top15_08_05_Blask_iGamingNews.pdf
2026-04-17,Argentina,LATAM,Tier 2,1,Sugar Rush 1000,Pragmatic Play,Tier2_Top15_17_04_Blask_iGamingNews.pdf
2026-04-17,Argentina,LATAM,Tier 2,2,Sugar Rush,Pragmatic Play,Tier2_Top15_17_04_Blask_iGamingNews.pdf
2026-04-17,Argentina,LATAM,Tier 2,3,Sweet Bonanza 1000,Pragmatic Play,Tier2_Top15_17_04_Blask_iGamingNews.pdf
2026-04-17,Argentina,LATAM,Tier 2,4,Joker's Jewels,Pragmatic Play,Tier2_Top15_17_04_Blask_iGamingNews.pdf
2026-04-17,Argentina,LATAM,Tier 2,5,Sweet Bonanza,Pragmatic Play,Tier2_Top15_17_04_Blask_iGamingNews.pdf
2026-04-17,Argentina,LATAM,Tier 2,6,5 Lions Megaways,Pragmatic Play,Tier2_Top15_17_04_Blask_iGamingNews.pdf
2026-04-17,Argentina,LATAM,Tier 2,7,Gates of Olympus,Pragmatic Play,Tier2_Top15_17_04_Blask_iGamingNews.pdf
2026-04-17,Argentina,LATAM,Tier 2,8,Aviator,Spribe,Tier2_Top15_17_04_Blask_iGamingNews.pdf
2026-04-17,Argentina,LATAM,Tier 2,9,Congo Cash,Pragmatic Play,Tier2_Top15_17_04_Blask_iGamingNews.pdf
2026-04-17,Argentina,LATAM,Tier 2,10,Plinko 2,BGaming,Tier2_Top15_17_04_Blask_iGamingNews.pdf
2026-04-17,Argentina,LATAM,Tier 2,11,Buffalo King Megaways,Pragmatic Play,Tier2_Top15_17_04_Blask_iGamingNews.pdf
2026-04-17,Argentina,LATAM,Tier 2,12,Big Bass Bonanza,Reel Kingdom,Tier2_Top15_17_04_Blask_iGamingNews.pdf
2026-04-17,Argentina,LATAM,Tier 2,13,Bigger Bass Bonanza,Pragmatic Play,Tier2_Top15_17_04_Blask_iGamingNews.pdf
2026-04-17,Argentina,LATAM,Tier 2,14,Gates of Olympus Super Scatter,Pragmatic Play,Tier2_Top15_17_04_Blask_iGamingNews.pdf
2026-04-17,Argentina,LATAM,Tier 2,15,Big Bass Splash,Reel Kingdom,Tier2_Top15_17_04_Blask_iGamingNews.pdf
2026-07-24,Argentina,LATAM,Tier 2,1,Joker's Jewels,Pragmatic Play,Tier2_Top15_24_07_Blask_iGamingNews.pdf
2026-07-24,Argentina,LATAM,Tier 2,2,5 Lions Megaways,Pragmatic Play,Tier2_Top15_24_07_Blask_iGamingNews.pdf
2026-07-24,Argentina,LATAM,Tier 2,3,Buffalo King Megaways,Pragmatic Play,Tier2_Top15_24_07_Blask_iGamingNews.pdf
2026-07-24,Argentina,LATAM,Tier 2,4,Gold Party,Wild Streak Gaming,Tier2_Top15_24_07_Blask_iGamingNews.pdf
2026-07-24,Argentina,LATAM,Tier 2,5,Gates of Olympus,Pragmatic Play,Tier2_Top15_24_07_Blask_iGamingNews.pdf
2026-07-24,Argentina,LATAM,Tier 2,6,First Person Roulette,Evolution,Tier2_Top15_24_07_Blask_iGamingNews.pdf
2026-07-24,Argentina,LATAM,Tier 2,7,Sweet Argentina,Pragmatic Play,Tier2_Top15_24_07_Blask_iGamingNews.pdf
2026-07-24,Argentina,LATAM,Tier 2,8,First Person Blackjack,Evolution,Tier2_Top15_24_07_Blask_iGamingNews.pdf
2026-07-24,Argentina,LATAM,Tier 2,9,Kemet's Treasures,Amusnet,Tier2_Top15_24_07_Blask_iGamingNews.pdf
2026-07-24,Argentina,LATAM,Tier 2,10,Blackjack 3 Hand,Habanero,Tier2_Top15_24_07_Blask_iGamingNews.pdf
2026-07-24,Argentina,LATAM,Tier 2,11,Panda Panda,Habanero,Tier2_Top15_24_07_Blask_iGamingNews.pdf
2026-07-24,Argentina,LATAM,Tier 2,12,Sweet Bonanza,Pragmatic Play,Tier2_Top15_24_07_Blask_iGamingNews.pdf
2026-07-24,Argentina,LATAM,Tier 2,13,Crazy Time,Evolution,Tier2_Top15_24_07_Blask_iGamingNews.pdf
2026-07-24,Argentina,LATAM,Tier 2,14,Sugar Rush,Pragmatic Play,Tier2_Top15_24_07_Blask_iGamingNews.pdf
2026-07-24,Argentina,LATAM,Tier 2,15,Congo Cash,Pragmatic Play,Tier2_Top15_24_07_Blask_iGamingNews.pdf
2026-06-26,Argentina,LATAM,Tier 2,1,Buffalo King Megaways,Pragmatic Play,Tier2_Top15_26_06_Blask_iGamingNews.pdf
2026-06-26,Argentina,LATAM,Tier 2,2,5 Lions Megaways,Pragmatic Play,Tier2_Top15_26_06_Blask_iGamingNews.pdf
2026-06-26,Argentina,LATAM,Tier 2,3,Joker’s Jewels,Pragmatic Play,Tier2_Top15_26_06_Blask_iGamingNews.pdf
2026-06-26,Argentina,LATAM,Tier 2,4,Gold Party,Wild Streak Gaming,Tier2_Top15_26_06_Blask_iGamingNews.pdf
2026-06-26,Argentina,LATAM,Tier 2,5,Sweet Argentina,Pragmatic Play,Tier2_Top15_26_06_Blask_iGamingNews.pdf
2026-06-26,Argentina,LATAM,Tier 2,6,Congo Cash,Pragmatic Play,Tier2_Top15_26_06_Blask_iGamingNews.pdf
2026-06-26,Argentina,LATAM,Tier 2,7,First Person Roulette,Evolution,Tier2_Top15_26_06_Blask_iGamingNews.pdf
2026-06-26,Argentina,LATAM,Tier 2,8,Gates of Olympus,Pragmatic Play,Tier2_Top15_26_06_Blask_iGamingNews.pdf
2026-06-26,Argentina,LATAM,Tier 2,9,Starlight Princess,Pragmatic Play,Tier2_Top15_26_06_Blask_iGamingNews.pdf
2026-06-26,Argentina,LATAM,Tier 2,10,First Person Blackjack,Evolution,Tier2_Top15_26_06_Blask_iGamingNews.pdf
2026-06-26,Argentina,LATAM,Tier 2,11,Sweet Bonanza,Pragmatic Play,Tier2_Top15_26_06_Blask_iGamingNews.pdf
2026-06-26,Argentina,LATAM,Tier 2,12,100 Golden Coins,Amusnet,Tier2_Top15_26_06_Blask_iGamingNews.pdf
2026-06-26,Argentina,LATAM,Tier 2,13,Spin & Score Megaways,Pragmatic Play,Tier2_Top15_26_06_Blask_iGamingNews.pdf
2026-06-26,Argentina,LATAM,Tier 2,14,Kemet’s Treasures,Amusnet,Tier2_Top15_26_06_Blask_iGamingNews.pdf
2026-06-26,Argentina,LATAM,Tier 2,15,Parthenon: Quest for Immortality,NetEnt,Tier2_Top15_26_06_Blask_iGamingNews.pdf
2026-02-27,Argentina,LATAM,Tier 2,1,Gates of Olympus 1000,Pragmatic Play,Tier2_Top15_27_02_Blask_iGamingNews.pdf
2026-02-27,Argentina,LATAM,Tier 2,2,Gates of Olympus,Pragmatic Play,Tier2_Top15_27_02_Blask_iGamingNews.pdf
2026-02-27,Argentina,LATAM,Tier 2,3,Sugar Rush 1000,Pragmatic Play,Tier2_Top15_27_02_Blask_iGamingNews.pdf
2026-02-27,Argentina,LATAM,Tier 2,4,Sugar Rush,Pragmatic Play,Tier2_Top15_27_02_Blask_iGamingNews.pdf
2026-02-27,Argentina,LATAM,Tier 2,5,Big Bass Splash,Reel Kingdom,Tier2_Top15_27_02_Blask_iGamingNews.pdf
2026-02-27,Argentina,LATAM,Tier 2,6,Sweet Bonanza,Pragmatic Play,Tier2_Top15_27_02_Blask_iGamingNews.pdf
2026-02-27,Argentina,LATAM,Tier 2,7,Sweet Bonanza 1000,Pragmatic Play,Tier2_Top15_27_02_Blask_iGamingNews.pdf
2026-02-27,Argentina,LATAM,Tier 2,8,Zeus vs Hades Gods of War,Pragmatic Play,Tier2_Top15_27_02_Blask_iGamingNews.pdf
2026-02-27,Argentina,LATAM,Tier 2,9,The Dog House Megaways,Pragmatic Play,Tier2_Top15_27_02_Blask_iGamingNews.pdf
2026-02-27,Argentina,LATAM,Tier 2,10,Gates of Olympus Super Scatter,Pragmatic Play,Tier2_Top15_27_02_Blask_iGamingNews.pdf
2026-02-27,Argentina,LATAM,Tier 2,11,Buffalo King Megaways,Pragmatic Play,Tier2_Top15_27_02_Blask_iGamingNews.pdf
2026-02-27,Argentina,LATAM,Tier 2,12,Live Speed Roulette,Amusnet,Tier2_Top15_27_02_Blask_iGamingNews.pdf
2026-02-27,Argentina,LATAM,Tier 2,13,Blackjack MH,Play’n GO,Tier2_Top15_27_02_Blask_iGamingNews.pdf
2026-02-27,Argentina,LATAM,Tier 2,14,Sweet Rush Bonanza,Pragmatic Play,Tier2_Top15_27_02_Blask_iGamingNews.pdf
2026-02-27,Argentina,LATAM,Tier 2,15,Aviator,Spribe,Tier2_Top15_27_02_Blask_iGamingNews.pdf
2026-03-27,Argentina,LATAM,Tier 2,1,Sugar Rush 1000,Pragmatic Play,Tier2_Top15_27_03_Blask_iGamingNews.pdf
2026-03-27,Argentina,LATAM,Tier 2,2,Gates of Olympus 1000,Pragmatic Play,Tier2_Top15_27_03_Blask_iGamingNews.pdf
2026-03-27,Argentina,LATAM,Tier 2,3,Gates of Olympus,Pragmatic Play,Tier2_Top15_27_03_Blask_iGamingNews.pdf
2026-03-27,Argentina,LATAM,Tier 2,4,Sugar Rush,Pragmatic Play,Tier2_Top15_27_03_Blask_iGamingNews.pdf
2026-03-27,Argentina,LATAM,Tier 2,5,Sweet Bonanza,Pragmatic Play,Tier2_Top15_27_03_Blask_iGamingNews.pdf
2026-03-27,Argentina,LATAM,Tier 2,6,Zeus vs Hades Gods of War,Pragmatic Play,Tier2_Top15_27_03_Blask_iGamingNews.pdf
2026-03-27,Argentina,LATAM,Tier 2,7,Gates of Olympus Super Scatter,Pragmatic Play,Tier2_Top15_27_03_Blask_iGamingNews.pdf
2026-03-27,Argentina,LATAM,Tier 2,8,Big Bass Splash,Reel Kingdom,Tier2_Top15_27_03_Blask_iGamingNews.pdf
2026-03-27,Argentina,LATAM,Tier 2,9,Sweet Bonanza 1000,Pragmatic Play,Tier2_Top15_27_03_Blask_iGamingNews.pdf
2026-03-27,Argentina,LATAM,Tier 2,10,Live Speed Roulette,Amusnet,Tier2_Top15_27_03_Blask_iGamingNews.pdf
2026-03-27,Argentina,LATAM,Tier 2,11,European Roulette,Evoplay,Tier2_Top15_27_03_Blask_iGamingNews.pdf
2026-03-27,Argentina,LATAM,Tier 2,12,The Dog House Megaways,Pragmatic Play,Tier2_Top15_27_03_Blask_iGamingNews.pdf
2026-03-27,Argentina,LATAM,Tier 2,13,Roulette Lite,ICONIC21,Tier2_Top15_27_03_Blask_iGamingNews.pdf
2026-03-27,Argentina,LATAM,Tier 2,14,American Roulette,KA Gaming,Tier2_Top15_27_03_Blask_iGamingNews.pdf
2026-03-27,Argentina,LATAM,Tier 2,15,Crazy Time,Evolution,Tier2_Top15_27_03_Blask_iGamingNews.pdf
2026-08-28,Argentina,LATAM,Tier 2,1,5 Lions Megaways,Pragmatic Play,Tier2_Top15_28_08_Blask_iGamingNews.pdf
2026-08-28,Argentina,LATAM,Tier 2,2,Gold Party,Wild Streak Gaming,Tier2_Top15_28_08_Blask_iGamingNews.pdf
2026-08-28,Argentina,LATAM,Tier 2,3,Joker's Jewels,Pragmatic Play,Tier2_Top15_28_08_Blask_iGamingNews.pdf
2026-08-28,Argentina,LATAM,Tier 2,4,Gates of Olympus,Pragmatic Play,Tier2_Top15_28_08_Blask_iGamingNews.pdf
2026-08-28,Argentina,LATAM,Tier 2,5,Buffalo King Megaways,Pragmatic Play,Tier2_Top15_28_08_Blask_iGamingNews.pdf
2026-08-28,Argentina,LATAM,Tier 2,6,Sugar Rush,Pragmatic Play,Tier2_Top15_28_08_Blask_iGamingNews.pdf
2026-08-28,Argentina,LATAM,Tier 2,7,Sweet Argentina,Pragmatic Play,Tier2_Top15_28_08_Blask_iGamingNews.pdf
2026-08-28,Argentina,LATAM,Tier 2,8,Sweet Bonanza,Pragmatic Play,Tier2_Top15_28_08_Blask_iGamingNews.pdf
2026-08-28,Argentina,LATAM,Tier 2,9,First Person Roulette,Evolution,Tier2_Top15_28_08_Blask_iGamingNews.pdf
2026-08-28,Argentina,LATAM,Tier 2,10,Kemet's Treasures,Amusnet,Tier2_Top15_28_08_Blask_iGamingNews.pdf
2026-08-28,Argentina,LATAM,Tier 2,11,Blackjack 3 Hand,Habanero,Tier2_Top15_28_08_Blask_iGamingNews.pdf
2026-08-28,Argentina,LATAM,Tier 2,12,Panda Panda,Habanero,Tier2_Top15_28_08_Blask_iGamingNews.pdf
2026-08-28,Argentina,LATAM,Tier 2,13,Cosmic Cash,Pragmatic Play,Tier2_Top15_28_08_Blask_iGamingNews.pdf
2026-08-28,Argentina,LATAM,Tier 2,14,First Person Blackjack,Evolution,Tier2_Top15_28_08_Blask_iGamingNews.pdf
2026-08-28,Argentina,LATAM,Tier 2,15,Chilli Heat,Pragmatic Play,Tier2_Top15_28_08_Blask_iGamingNews.pdf
2026-05-29,Argentina,LATAM,Tier 2,1,Joker’s Jewels,Pragmatic Play,Tier2_Top15_29_05_Blask_iGamingNews.pdf
2026-05-29,Argentina,LATAM,Tier 2,2,Gold Party,Wild Streak Gaming,Tier2_Top15_29_05_Blask_iGamingNews.pdf
2026-05-29,Argentina,LATAM,Tier 2,3,First Person Blackjack,Evolution,Tier2_Top15_29_05_Blask_iGamingNews.pdf
2026-05-29,Argentina,LATAM,Tier 2,4,5 Lions Megaways,Pragmatic Play,Tier2_Top15_29_05_Blask_iGamingNews.pdf
2026-05-29,Argentina,LATAM,Tier 2,5,Gates of Olympus,Pragmatic Play,Tier2_Top15_29_05_Blask_iGamingNews.pdf
2026-05-29,Argentina,LATAM,Tier 2,6,Sweet Argentina,Pragmatic Play,Tier2_Top15_29_05_Blask_iGamingNews.pdf
2026-05-29,Argentina,LATAM,Tier 2,7,Sugar Rush,Pragmatic Play,Tier2_Top15_29_05_Blask_iGamingNews.pdf
2026-05-29,Argentina,LATAM,Tier 2,8,Starlight Princess,Pragmatic Play,Tier2_Top15_29_05_Blask_iGamingNews.pdf
2026-05-29,Argentina,LATAM,Tier 2,9,First Person Roulette,Evolution,Tier2_Top15_29_05_Blask_iGamingNews.pdf
2026-05-29,Argentina,LATAM,Tier 2,10,Sweet Bonanza,Pragmatic Play,Tier2_Top15_29_05_Blask_iGamingNews.pdf
2026-05-29,Argentina,LATAM,Tier 2,11,Leprechaun’s Luck Cash Collect Megaways,Playtech,Tier2_Top15_29_05_Blask_iGamingNews.pdf
2026-05-29,Argentina,LATAM,Tier 2,12,Blackjack 3 Hand,Habanero,Tier2_Top15_29_05_Blask_iGamingNews.pdf
2026-05-29,Argentina,LATAM,Tier 2,13,Kemet’s Treasures,Amusnet,Tier2_Top15_29_05_Blask_iGamingNews.pdf
2026-05-29,Argentina,LATAM,Tier 2,14,Congo Cash,Pragmatic Play,Tier2_Top15_29_05_Blask_iGamingNews.pdf
2026-05-29,Argentina,LATAM,Tier 2,15,Madame Destiny Megaways,Pragmatic Play,Tier2_Top15_29_05_Blask_iGamingNews.pdf
2026-03-07,Ghana,WEST AFRICA,Tier 3,1,Gates of Olympus 1000,Pragmatic Play,Tier3_Top15_07_03(2)_Blask_iGamingNews.pdf
2026-03-07,Ghana,WEST AFRICA,Tier 3,2,Gates of Olympus,Pragmatic Play,Tier3_Top15_07_03(2)_Blask_iGamingNews.pdf
2026-03-07,Ghana,WEST AFRICA,Tier 3,3,Sugar Rush 1000,Pragmatic Play,Tier3_Top15_07_03(2)_Blask_iGamingNews.pdf
2026-03-07,Ghana,WEST AFRICA,Tier 3,4,Big Bass Splash,Reel Kingdom,Tier3_Top15_07_03(2)_Blask_iGamingNews.pdf
2026-03-07,Ghana,WEST AFRICA,Tier 3,5,Aviator,Spribe,Tier3_Top15_07_03(2)_Blask_iGamingNews.pdf
2026-03-07,Ghana,WEST AFRICA,Tier 3,6,Big Bass Bonanza,Reel Kingdom,Tier3_Top15_07_03(2)_Blask_iGamingNews.pdf
2026-03-07,Ghana,WEST AFRICA,Tier 3,7,Sugar Rush,Pragmatic Play,Tier3_Top15_07_03(2)_Blask_iGamingNews.pdf
2026-03-07,Ghana,WEST AFRICA,Tier 3,8,European Roulette,Evoplay,Tier3_Top15_07_03(2)_Blask_iGamingNews.pdf
2026-03-07,Ghana,WEST AFRICA,Tier 3,9,Sweet Bonanza,Pragmatic Play,Tier3_Top15_07_03(2)_Blask_iGamingNews.pdf
2026-03-07,Ghana,WEST AFRICA,Tier 3,10,Sweet Bonanza 1000,Pragmatic Play,Tier3_Top15_07_03(2)_Blask_iGamingNews.pdf
2026-03-07,Ghana,WEST AFRICA,Tier 3,11,Gates of Olympus Super Scatter,Pragmatic Play,Tier3_Top15_07_03(2)_Blask_iGamingNews.pdf
2026-03-07,Ghana,WEST AFRICA,Tier 3,12,Blackjack,Galaxsys,Tier3_Top15_07_03(2)_Blask_iGamingNews.pdf
2026-03-07,Ghana,WEST AFRICA,Tier 3,13,Buffalo King Megaways,Pragmatic Play,Tier3_Top15_07_03(2)_Blask_iGamingNews.pdf
2026-03-07,Ghana,WEST AFRICA,Tier 3,14,Luxe Blackjack 2,Winfinity,Tier3_Top15_07_03(2)_Blask_iGamingNews.pdf
2026-03-07,Ghana,WEST AFRICA,Tier 3,15,Zeus vs Hades Gods of War,Pragmatic Play,Tier3_Top15_07_03(2)_Blask_iGamingNews.pdf
2026-03-07,India,INDIA,Tier 3,1,Chicken Road,InOut Games,Tier3_Top15_07_03_Blask_iGamingNews.pdf
2026-03-07,India,INDIA,Tier 3,2,Crazy Time,Various provider,Tier3_Top15_07_03_Blask_iGamingNews.pdf
2026-03-07,India,INDIA,Tier 3,3,Money Coming,TaDa Gaming,Tier3_Top15_07_03_Blask_iGamingNews.pdf
2026-03-07,India,INDIA,Tier 3,4,Aviator,Spribe,Tier3_Top15_07_03_Blask_iGamingNews.pdf
2026-03-07,India,INDIA,Tier 3,5,Dragon Tiger,Various provider,Tier3_Top15_07_03_Blask_iGamingNews.pdf
2026-03-07,India,INDIA,Tier 3,6,Blackjack,Various provider,Tier3_Top15_07_03_Blask_iGamingNews.pdf
2026-03-07,India,INDIA,Tier 3,7,Funky Time,Various provider,Tier3_Top15_07_03_Blask_iGamingNews.pdf
2026-03-07,India,INDIA,Tier 3,8,Monopoly,Various provider,Tier3_Top15_07_03_Blask_iGamingNews.pdf
2026-03-07,India,INDIA,Tier 3,9,Chicken Road 2.0,InOut Games,Tier3_Top15_07_03_Blask_iGamingNews.pdf
2026-03-07,India,INDIA,Tier 3,10,Fortune Gems 2,TaDa Gaming,Tier3_Top15_07_03_Blask_iGamingNews.pdf
2026-03-07,India,INDIA,Tier 3,11,Fortune Gems,TaDa Gaming,Tier3_Top15_07_03_Blask_iGamingNews.pdf
2026-03-07,India,INDIA,Tier 3,12,JetX,SmartSoft Gaming,Tier3_Top15_07_03_Blask_iGamingNews.pdf
2026-03-07,India,INDIA,Tier 3,13,Le Pharaoh,Hacksaw Gaming,Tier3_Top15_07_03_Blask_iGamingNews.pdf
2026-03-07,India,INDIA,Tier 3,14,Lucky Ball,JILI,Tier3_Top15_07_03_Blask_iGamingNews.pdf
2026-03-07,India,INDIA,Tier 3,15,Roulette,Various provider,Tier3_Top15_07_03_Blask_iGamingNews.pdf
2026-03-07,Mexico,LATAM,Tier 3,1,Gates of Olympus 1000,Pragmatic Play,Tier3_Top15_07_03_Blask_iGamingNews.pdf
2026-03-07,Mexico,LATAM,Tier 3,2,Aviator,Spribe,Tier3_Top15_07_03_Blask_iGamingNews.pdf
2026-03-07,Mexico,LATAM,Tier 3,3,Sugar Rush 1000,Pragmatic Play,Tier3_Top15_07_03_Blask_iGamingNews.pdf
2026-03-07,Mexico,LATAM,Tier 3,4,Sugar Rush,Pragmatic Play,Tier3_Top15_07_03_Blask_iGamingNews.pdf
2026-03-07,Mexico,LATAM,Tier 3,5,Zeus vs Hades Gods of War,Pragmatic Play,Tier3_Top15_07_03_Blask_iGamingNews.pdf
2026-03-07,Mexico,LATAM,Tier 3,6,Sweet Bonanza 1000,Pragmatic Play,Tier3_Top15_07_03_Blask_iGamingNews.pdf
2026-03-07,Mexico,LATAM,Tier 3,7,Gates of Olympus Super Scatter,Pragmatic Play,Tier3_Top15_07_03_Blask_iGamingNews.pdf
2026-03-07,Mexico,LATAM,Tier 3,8,Gates of Olympus,Pragmatic Play,Tier3_Top15_07_03_Blask_iGamingNews.pdf
2026-03-07,Mexico,LATAM,Tier 3,9,Big Bass Bonanza,Reel Kingdom,Tier3_Top15_07_03_Blask_iGamingNews.pdf
2026-03-07,Mexico,LATAM,Tier 3,10,Luxe Blackjack 2,Winfinity,Tier3_Top15_07_03_Blask_iGamingNews.pdf
2026-03-07,Mexico,LATAM,Tier 3,11,Big Bass Bonanza 1000,Pragmatic Play,Tier3_Top15_07_03_Blask_iGamingNews.pdf
2026-03-07,Mexico,LATAM,Tier 3,12,Big Bass Splash,Reel Kingdom,Tier3_Top15_07_03_Blask_iGamingNews.pdf
2026-03-07,Mexico,LATAM,Tier 3,13,Mummy's Jewels,Pragmatic Play,Tier3_Top15_07_03_Blask_iGamingNews.pdf
2026-03-07,Mexico,LATAM,Tier 3,14,5 Lions Megaways,Pragmatic Play,Tier3_Top15_07_03_Blask_iGamingNews.pdf
2026-03-07,Mexico,LATAM,Tier 3,15,Wolf Gold,Pragmatic Play,Tier3_Top15_07_03_Blask_iGamingNews.pdf
2026-03-07,Chile,LATAM,Tier 3,1,Sugar Rush,Pragmatic Play,Tier3_Top15_07_03_Blask_iGamingNews.pdf
2026-03-07,Chile,LATAM,Tier 3,2,Gates of Olympus,Pragmatic Play,Tier3_Top15_07_03_Blask_iGamingNews.pdf
2026-03-07,Chile,LATAM,Tier 3,3,Sweet Bonanza,Pragmatic Play,Tier3_Top15_07_03_Blask_iGamingNews.pdf
2026-03-07,Chile,LATAM,Tier 3,4,Sugar Rush 1000,Pragmatic Play,Tier3_Top15_07_03_Blask_iGamingNews.pdf
2026-03-07,Chile,LATAM,Tier 3,5,Sweet Bonanza 1000,Pragmatic Play,Tier3_Top15_07_03_Blask_iGamingNews.pdf
2026-03-07,Chile,LATAM,Tier 3,6,Gates of Olympus Super Scatter,Pragmatic Play,Tier3_Top15_07_03_Blask_iGamingNews.pdf
2026-03-07,Chile,LATAM,Tier 3,7,Aviator,Spribe,Tier3_Top15_07_03_Blask_iGamingNews.pdf
2026-03-07,Chile,LATAM,Tier 3,8,Gates of Olympus 1000,Pragmatic Play,Tier3_Top15_07_03_Blask_iGamingNews.pdf
2026-03-07,Chile,LATAM,Tier 3,9,Le Bandit,Hacksaw Gaming,Tier3_Top15_07_03_Blask_iGamingNews.pdf
2026-03-07,Chile,LATAM,Tier 3,10,Starlight Princess,Pragmatic Play,Tier3_Top15_07_03_Blask_iGamingNews.pdf
2026-03-07,Chile,LATAM,Tier 3,11,Big Bass Bonanza,Reel Kingdom,Tier3_Top15_07_03_Blask_iGamingNews.pdf
2026-03-07,Chile,LATAM,Tier 3,12,Big Bass Splash,Reel Kingdom,Tier3_Top15_07_03_Blask_iGamingNews.pdf
2026-03-07,Chile,LATAM,Tier 3,13,Buffalo King Megaways,Pragmatic Play,Tier3_Top15_07_03_Blask_iGamingNews.pdf
2026-03-07,Chile,LATAM,Tier 3,14,Bigger Bass Splash,Pragmatic Play,Tier3_Top15_07_03_Blask_iGamingNews.pdf
2026-03-07,Chile,LATAM,Tier 3,15,Starlight Princess 1000,Pragmatic Play,Tier3_Top15_07_03_Blask_iGamingNews.pdf
2026-03-07,Nigeria,WEST AFRICA,Tier 3,1,Fortune Tiger,Pocket Games Soft,Tier3_Top15_07_03_Blask_iGamingNews.pdf
2026-03-07,Nigeria,WEST AFRICA,Tier 3,2,Sweet Bonanza,Pragmatic Play,Tier3_Top15_07_03_Blask_iGamingNews.pdf
2026-03-07,Nigeria,WEST AFRICA,Tier 3,3,Aviator,Spribe,Tier3_Top15_07_03_Blask_iGamingNews.pdf
2026-03-07,Nigeria,WEST AFRICA,Tier 3,4,Fortune Rabbit,Pocket Games Soft,Tier3_Top15_07_03_Blask_iGamingNews.pdf
2026-03-07,Nigeria,WEST AFRICA,Tier 3,5,JetX,SmartSoft Gaming,Tier3_Top15_07_03_Blask_iGamingNews.pdf
2026-03-07,Nigeria,WEST AFRICA,Tier 3,6,Crown Coins,Endorphina,Tier3_Top15_07_03_Blask_iGamingNews.pdf
2026-03-07,Nigeria,WEST AFRICA,Tier 3,7,Book of the Fallen,Pragmatic Play,Tier3_Top15_07_03_Blask_iGamingNews.pdf
2026-03-07,Nigeria,WEST AFRICA,Tier 3,8,Gates of Olympus,Pragmatic Play,Tier3_Top15_07_03_Blask_iGamingNews.pdf
2026-03-07,Nigeria,WEST AFRICA,Tier 3,9,Sweet Bonanza 1000,Pragmatic Play,Tier3_Top15_07_03_Blask_iGamingNews.pdf
2026-03-07,Nigeria,WEST AFRICA,Tier 3,10,Wild Bounty Showdown,Pocket Games Soft,Tier3_Top15_07_03_Blask_iGamingNews.pdf
2026-03-07,Nigeria,WEST AFRICA,Tier 3,11,Book of Dead,Play'n GO,Tier3_Top15_07_03_Blask_iGamingNews.pdf
2026-03-07,Nigeria,WEST AFRICA,Tier 3,12,Starburst,NetEnt,Tier3_Top15_07_03_Blask_iGamingNews.pdf
2026-03-07,Nigeria,WEST AFRICA,Tier 3,13,Sugar Rush,Pragmatic Play,Tier3_Top15_07_03_Blask_iGamingNews.pdf
2026-03-07,Nigeria,WEST AFRICA,Tier 3,14,Bigger Bass Bonanza,Pragmatic Play,Tier3_Top15_07_03_Blask_iGamingNews.pdf
2026-03-07,Nigeria,WEST AFRICA,Tier 3,15,Big Bass Bonanza,Reel Kingdom,Tier3_Top15_07_03_Blask_iGamingNews.pdf
2026-05-08,India,INDIA,Tier 3,1,Chicken Road,InOut Games,Tier3_Top15_08_05(P1)_Blask_iGamingNews.pdf
2026-05-08,India,INDIA,Tier 3,2,Crazy Time,Various provider,Tier3_Top15_08_05(P1)_Blask_iGamingNews.pdf
2026-05-08,India,INDIA,Tier 3,3,Money Coming,TaDa Gaming,Tier3_Top15_08_05(P1)_Blask_iGamingNews.pdf
2026-05-08,India,INDIA,Tier 3,4,Aviator,Spribe,Tier3_Top15_08_05(P1)_Blask_iGamingNews.pdf
2026-05-08,India,INDIA,Tier 3,5,Funky Time,Various provider,Tier3_Top15_08_05(P1)_Blask_iGamingNews.pdf
2026-05-08,India,INDIA,Tier 3,6,Blackjack,Various provider,Tier3_Top15_08_05(P1)_Blask_iGamingNews.pdf
2026-05-08,India,INDIA,Tier 3,7,Dragon Tiger,Various provider,Tier3_Top15_08_05(P1)_Blask_iGamingNews.pdf
2026-05-08,India,INDIA,Tier 3,8,Chicken Road 2.0,InOut Games,Tier3_Top15_08_05(P1)_Blask_iGamingNews.pdf
2026-05-08,India,INDIA,Tier 3,9,Monopoly,Various provider,Tier3_Top15_08_05(P1)_Blask_iGamingNews.pdf
2026-05-08,India,INDIA,Tier 3,10,Fortune Gems 2,TaDa Gaming,Tier3_Top15_08_05(P1)_Blask_iGamingNews.pdf
2026-05-08,India,INDIA,Tier 3,11,Fortune Gems,TaDa Gaming,Tier3_Top15_08_05(P1)_Blask_iGamingNews.pdf
2026-05-08,India,INDIA,Tier 3,12,JetX,SmartSoft Gaming,Tier3_Top15_08_05(P1)_Blask_iGamingNews.pdf
2026-05-08,India,INDIA,Tier 3,13,Le Pharaoh,Hacksaw Gaming,Tier3_Top15_08_05(P1)_Blask_iGamingNews.pdf
2026-05-08,India,INDIA,Tier 3,14,Lucky Ball,JILI,Tier3_Top15_08_05(P1)_Blask_iGamingNews.pdf
2026-05-08,India,INDIA,Tier 3,15,Roulette,Various provider,Tier3_Top15_08_05(P1)_Blask_iGamingNews.pdf
2026-05-08,Mexico,LATAM,Tier 3,1,Gates of Olympus 1000,Pragmatic Play,Tier3_Top15_08_05(P1)_Blask_iGamingNews.pdf
2026-05-08,Mexico,LATAM,Tier 3,2,Gates of Olympus Super Scatter,Pragmatic Play,Tier3_Top15_08_05(P1)_Blask_iGamingNews.pdf
2026-05-08,Mexico,LATAM,Tier 3,3,Gates of Olympus,Pragmatic Play,Tier3_Top15_08_05(P1)_Blask_iGamingNews.pdf
2026-05-08,Mexico,LATAM,Tier 3,4,Aviator,Spribe,Tier3_Top15_08_05(P1)_Blask_iGamingNews.pdf
2026-05-08,Mexico,LATAM,Tier 3,5,Sweet Bonanza 1000,Pragmatic Play,Tier3_Top15_08_05(P1)_Blask_iGamingNews.pdf
2026-05-08,Mexico,LATAM,Tier 3,6,Sugar Rush 1000,Pragmatic Play,Tier3_Top15_08_05(P1)_Blask_iGamingNews.pdf
2026-05-08,Mexico,LATAM,Tier 3,7,Big Bass Splash,Reel Kingdom,Tier3_Top15_08_05(P1)_Blask_iGamingNews.pdf
2026-05-08,Mexico,LATAM,Tier 3,8,Sweet Bonanza,Pragmatic Play,Tier3_Top15_08_05(P1)_Blask_iGamingNews.pdf
2026-05-08,Mexico,LATAM,Tier 3,9,Zeus vs Hades Gods of War 250,Pragmatic Play,Tier3_Top15_08_05(P1)_Blask_iGamingNews.pdf
2026-05-08,Mexico,LATAM,Tier 3,10,Sugar Rush,Pragmatic Play,Tier3_Top15_08_05(P1)_Blask_iGamingNews.pdf
2026-05-08,Mexico,LATAM,Tier 3,11,5 Lions Megaways,Pragmatic Play,Tier3_Top15_08_05(P1)_Blask_iGamingNews.pdf
2026-05-08,Mexico,LATAM,Tier 3,12,Sweet Bonanza 2500,Pragmatic Play,Tier3_Top15_08_05(P1)_Blask_iGamingNews.pdf
2026-05-08,Mexico,LATAM,Tier 3,13,Great Ghosts!,Pragmatic Play,Tier3_Top15_08_05(P1)_Blask_iGamingNews.pdf
2026-05-08,Mexico,LATAM,Tier 3,14,Big Bass Bonanza 1000,Pragmatic Play,Tier3_Top15_08_05(P1)_Blask_iGamingNews.pdf
2026-05-08,Mexico,LATAM,Tier 3,15,Sugar Rush Super Scatter,Pragmatic Play,Tier3_Top15_08_05(P1)_Blask_iGamingNews.pdf
2026-05-08,Chile,LATAM,Tier 3,1,Sugar Rush 1000,Pragmatic Play,Tier3_Top15_08_05(P1)_Blask_iGamingNews.pdf
2026-05-08,Chile,LATAM,Tier 3,2,Gates of Olympus,Pragmatic Play,Tier3_Top15_08_05(P1)_Blask_iGamingNews.pdf
2026-05-08,Chile,LATAM,Tier 3,3,Big Bass Splash,Reel Kingdom,Tier3_Top15_08_05(P1)_Blask_iGamingNews.pdf
2026-05-08,Chile,LATAM,Tier 3,4,Gates of Olympus 1000,Pragmatic Play,Tier3_Top15_08_05(P1)_Blask_iGamingNews.pdf
2026-05-08,Chile,LATAM,Tier 3,5,Gates of Olympus Super Scatter,Pragmatic Play,Tier3_Top15_08_05(P1)_Blask_iGamingNews.pdf
2026-05-08,Chile,LATAM,Tier 3,6,Sweet Bonanza 1000,Pragmatic Play,Tier3_Top15_08_05(P1)_Blask_iGamingNews.pdf
2026-05-08,Chile,LATAM,Tier 3,7,Sweet Bonanza,Pragmatic Play,Tier3_Top15_08_05(P1)_Blask_iGamingNews.pdf
2026-05-08,Chile,LATAM,Tier 3,8,Aviator,Spribe,Tier3_Top15_08_05(P1)_Blask_iGamingNews.pdf
2026-05-08,Chile,LATAM,Tier 3,9,Sugar Rush,Pragmatic Play,Tier3_Top15_08_05(P1)_Blask_iGamingNews.pdf
2026-05-08,Chile,LATAM,Tier 3,10,Buffalo King Megaways,Pragmatic Play,Tier3_Top15_08_05(P1)_Blask_iGamingNews.pdf
2026-05-08,Chile,LATAM,Tier 3,11,Sweet Bonanza 2500,Pragmatic Play,Tier3_Top15_08_05(P1)_Blask_iGamingNews.pdf
2026-05-08,Chile,LATAM,Tier 3,12,Big Bass Bonanza,Reel Kingdom,Tier3_Top15_08_05(P1)_Blask_iGamingNews.pdf
2026-05-08,Chile,LATAM,Tier 3,13,Madame Destiny Megaways,Pragmatic Play,Tier3_Top15_08_05(P1)_Blask_iGamingNews.pdf
2026-05-08,Chile,LATAM,Tier 3,14,Dragon Pots Megaways,Pragmatic Play,Tier3_Top15_08_05(P1)_Blask_iGamingNews.pdf
2026-05-08,Chile,LATAM,Tier 3,15,Great Ghosts!,Pragmatic Play,Tier3_Top15_08_05(P1)_Blask_iGamingNews.pdf
2026-05-08,Nigeria,WEST AFRICA,Tier 3,1,Fortune Tiger,Pocket Games Soft,Tier3_Top15_08_05(P1)_Blask_iGamingNews.pdf
2026-05-08,Nigeria,WEST AFRICA,Tier 3,2,Sweet Bonanza,Pragmatic Play,Tier3_Top15_08_05(P1)_Blask_iGamingNews.pdf
2026-05-08,Nigeria,WEST AFRICA,Tier 3,3,Fortune Rabbit,Pocket Games Soft,Tier3_Top15_08_05(P1)_Blask_iGamingNews.pdf
2026-05-08,Nigeria,WEST AFRICA,Tier 3,4,Aviator,Spribe,Tier3_Top15_08_05(P1)_Blask_iGamingNews.pdf
2026-05-08,Nigeria,WEST AFRICA,Tier 3,5,Crown Coins,Endorphina,Tier3_Top15_08_05(P1)_Blask_iGamingNews.pdf
2026-05-08,Nigeria,WEST AFRICA,Tier 3,6,JetX,SmartSoft Gaming,Tier3_Top15_08_05(P1)_Blask_iGamingNews.pdf
2026-05-08,Nigeria,WEST AFRICA,Tier 3,7,Book of the Fallen,Pragmatic Play,Tier3_Top15_08_05(P1)_Blask_iGamingNews.pdf
2026-05-08,Nigeria,WEST AFRICA,Tier 3,8,Gates of Olympus,Pragmatic Play,Tier3_Top15_08_05(P1)_Blask_iGamingNews.pdf
2026-05-08,Nigeria,WEST AFRICA,Tier 3,9,Wild Bounty Showdown,Pocket Games Soft,Tier3_Top15_08_05(P1)_Blask_iGamingNews.pdf
2026-05-08,Nigeria,WEST AFRICA,Tier 3,10,Starburst,NetEnt,Tier3_Top15_08_05(P1)_Blask_iGamingNews.pdf
2026-05-08,Nigeria,WEST AFRICA,Tier 3,11,Book of Dead,Play'n GO,Tier3_Top15_08_05(P1)_Blask_iGamingNews.pdf
2026-05-08,Nigeria,WEST AFRICA,Tier 3,12,Sweet Bonanza 1000,Pragmatic Play,Tier3_Top15_08_05(P1)_Blask_iGamingNews.pdf
2026-05-08,Nigeria,WEST AFRICA,Tier 3,13,Sugar Rush 1000,Pragmatic Play,Tier3_Top15_08_05(P1)_Blask_iGamingNews.pdf
2026-05-08,Nigeria,WEST AFRICA,Tier 3,14,Sugar Rush,Pragmatic Play,Tier3_Top15_08_05(P1)_Blask_iGamingNews.pdf
2026-05-08,Nigeria,WEST AFRICA,Tier 3,15,Big Bass Bonanza,Reel Kingdom,Tier3_Top15_08_05(P1)_Blask_iGamingNews.pdf
2026-05-08,Ghana,WEST AFRICA,Tier 3,1,Gates of Olympus,Pragmatic Play,Tier3_Top15_08_05(P2)_Blask_iGamingNews.pdf
2026-05-08,Ghana,WEST AFRICA,Tier 3,2,Aviator,Spribe,Tier3_Top15_08_05(P2)_Blask_iGamingNews.pdf
2026-05-08,Ghana,WEST AFRICA,Tier 3,3,Sweet Bonanza,Pragmatic Play,Tier3_Top15_08_05(P2)_Blask_iGamingNews.pdf
2026-05-08,Ghana,WEST AFRICA,Tier 3,4,Sweet Bonanza 1000,Pragmatic Play,Tier3_Top15_08_05(P2)_Blask_iGamingNews.pdf
2026-05-08,Ghana,WEST AFRICA,Tier 3,5,Gates of Olympus 1000,Pragmatic Play,Tier3_Top15_08_05(P2)_Blask_iGamingNews.pdf
2026-05-08,Ghana,WEST AFRICA,Tier 3,6,Big Bass Splash,Reel Kingdom,Tier3_Top15_08_05(P2)_Blask_iGamingNews.pdf
2026-05-08,Ghana,WEST AFRICA,Tier 3,7,Sugar Rush 1000,Pragmatic Play,Tier3_Top15_08_05(P2)_Blask_iGamingNews.pdf
2026-05-08,Ghana,WEST AFRICA,Tier 3,8,Gates of Olympus Super Scatter,Pragmatic Play,Tier3_Top15_08_05(P2)_Blask_iGamingNews.pdf
2026-05-08,Ghana,WEST AFRICA,Tier 3,9,Sugar Rush,Pragmatic Play,Tier3_Top15_08_05(P2)_Blask_iGamingNews.pdf
2026-05-08,Ghana,WEST AFRICA,Tier 3,10,Big Bass Bonanza,Reel Kingdom,Tier3_Top15_08_05(P2)_Blask_iGamingNews.pdf
2026-05-08,Ghana,WEST AFRICA,Tier 3,11,Madame Destiny Megaways,Pragmatic Play,Tier3_Top15_08_05(P2)_Blask_iGamingNews.pdf
2026-05-08,Ghana,WEST AFRICA,Tier 3,12,Buffalo King Megaways,Pragmatic Play,Tier3_Top15_08_05(P2)_Blask_iGamingNews.pdf
2026-05-08,Ghana,WEST AFRICA,Tier 3,13,Dragon Pots Megaways,Pragmatic Play,Tier3_Top15_08_05(P2)_Blask_iGamingNews.pdf
2026-05-08,Ghana,WEST AFRICA,Tier 3,14,Jelly Express,Pragmatic Play,Tier3_Top15_08_05(P2)_Blask_iGamingNews.pdf
2026-05-08,Ghana,WEST AFRICA,Tier 3,15,Zeus vs Hades Gods of War 250,Pragmatic Play,Tier3_Top15_08_05(P2)_Blask_iGamingNews.pdf
2026-04-17,India,INDIA,Tier 3,1,Chicken Road,InOut Games,Tier3_Top15_17_04(P1)_Blask_iGamingNews.pdf
2026-04-17,India,INDIA,Tier 3,2,Crazy Time,Various provider,Tier3_Top15_17_04(P1)_Blask_iGamingNews.pdf
2026-04-17,India,INDIA,Tier 3,3,Money Coming,TaDa Gaming,Tier3_Top15_17_04(P1)_Blask_iGamingNews.pdf
2026-04-17,India,INDIA,Tier 3,4,Aviator,Spribe,Tier3_Top15_17_04(P1)_Blask_iGamingNews.pdf
2026-04-17,India,INDIA,Tier 3,5,Dragon Tiger,Various provider,Tier3_Top15_17_04(P1)_Blask_iGamingNews.pdf
2026-04-17,India,INDIA,Tier 3,6,Blackjack,Various provider,Tier3_Top15_17_04(P1)_Blask_iGamingNews.pdf
2026-04-17,India,INDIA,Tier 3,7,Funky Time,Various provider,Tier3_Top15_17_04(P1)_Blask_iGamingNews.pdf
2026-04-17,India,INDIA,Tier 3,8,Chicken Road 2.0,InOut Games,Tier3_Top15_17_04(P1)_Blask_iGamingNews.pdf
2026-04-17,India,INDIA,Tier 3,9,Monopoly,Various provider,Tier3_Top15_17_04(P1)_Blask_iGamingNews.pdf
2026-04-17,India,INDIA,Tier 3,10,Fortune Gems 2,TaDa Gaming,Tier3_Top15_17_04(P1)_Blask_iGamingNews.pdf
2026-04-17,India,INDIA,Tier 3,11,Fortune Gems,TaDa Gaming,Tier3_Top15_17_04(P1)_Blask_iGamingNews.pdf
2026-04-17,India,INDIA,Tier 3,12,JetX,SmartSoft Gaming,Tier3_Top15_17_04(P1)_Blask_iGamingNews.pdf
2026-04-17,India,INDIA,Tier 3,13,Le Pharaoh,Hacksaw Gaming,Tier3_Top15_17_04(P1)_Blask_iGamingNews.pdf
2026-04-17,India,INDIA,Tier 3,14,Lucky Ball,JILI,Tier3_Top15_17_04(P1)_Blask_iGamingNews.pdf
2026-04-17,India,INDIA,Tier 3,15,Roulette,Various provider,Tier3_Top15_17_04(P1)_Blask_iGamingNews.pdf
2026-04-17,Mexico,LATAM,Tier 3,1,Gates of Olympus 1000,Pragmatic Play,Tier3_Top15_17_04(P1)_Blask_iGamingNews.pdf
2026-04-17,Mexico,LATAM,Tier 3,2,Gates of Olympus Super Scatter,Pragmatic Play,Tier3_Top15_17_04(P1)_Blask_iGamingNews.pdf
2026-04-17,Mexico,LATAM,Tier 3,3,Sugar Rush 1000,Pragmatic Play,Tier3_Top15_17_04(P1)_Blask_iGamingNews.pdf
2026-04-17,Mexico,LATAM,Tier 3,4,Gates of Olympus,Pragmatic Play,Tier3_Top15_17_04(P1)_Blask_iGamingNews.pdf
2026-04-17,Mexico,LATAM,Tier 3,5,Aviator,Spribe,Tier3_Top15_17_04(P1)_Blask_iGamingNews.pdf
2026-04-17,Mexico,LATAM,Tier 3,6,Sugar Rush,Pragmatic Play,Tier3_Top15_17_04(P1)_Blask_iGamingNews.pdf
2026-04-17,Mexico,LATAM,Tier 3,7,Zeus vs Hades Gods of War,Pragmatic Play,Tier3_Top15_17_04(P1)_Blask_iGamingNews.pdf
2026-04-17,Mexico,LATAM,Tier 3,8,Sweet Bonanza 1000,Pragmatic Play,Tier3_Top15_17_04(P1)_Blask_iGamingNews.pdf
2026-04-17,Mexico,LATAM,Tier 3,9,Big Bass Splash,Reel Kingdom,Tier3_Top15_17_04(P1)_Blask_iGamingNews.pdf
2026-04-17,Mexico,LATAM,Tier 3,10,Sweet Rush Bonanza,Pragmatic Play,Tier3_Top15_17_04(P1)_Blask_iGamingNews.pdf
2026-04-17,Mexico,LATAM,Tier 3,11,Jelly Express,Pragmatic Play,Tier3_Top15_17_04(P1)_Blask_iGamingNews.pdf
2026-04-17,Mexico,LATAM,Tier 3,12,Big Bass Bonanza,Reel Kingdom,Tier3_Top15_17_04(P1)_Blask_iGamingNews.pdf
2026-04-17,Mexico,LATAM,Tier 3,13,Sweet Bonanza,Pragmatic Play,Tier3_Top15_17_04(P1)_Blask_iGamingNews.pdf
2026-04-17,Mexico,LATAM,Tier 3,14,5 Lions Megaways,Pragmatic Play,Tier3_Top15_17_04(P1)_Blask_iGamingNews.pdf
2026-04-17,Mexico,LATAM,Tier 3,15,Big Bass Bonanza 1000,Pragmatic Play,Tier3_Top15_17_04(P1)_Blask_iGamingNews.pdf
2026-04-17,Chile,LATAM,Tier 3,1,Gates of Olympus,Pragmatic Play,Tier3_Top15_17_04(P1)_Blask_iGamingNews.pdf
2026-04-17,Chile,LATAM,Tier 3,2,Gates of Olympus 1000,Pragmatic Play,Tier3_Top15_17_04(P1)_Blask_iGamingNews.pdf
2026-04-17,Chile,LATAM,Tier 3,3,Gates of Olympus Super Scatter,Pragmatic Play,Tier3_Top15_17_04(P1)_Blask_iGamingNews.pdf
2026-04-17,Chile,LATAM,Tier 3,4,Sugar Rush 1000,Pragmatic Play,Tier3_Top15_17_04(P1)_Blask_iGamingNews.pdf
2026-04-17,Chile,LATAM,Tier 3,5,Sweet Bonanza 1000,Pragmatic Play,Tier3_Top15_17_04(P1)_Blask_iGamingNews.pdf
2026-04-17,Chile,LATAM,Tier 3,6,Sugar Rush,Pragmatic Play,Tier3_Top15_17_04(P1)_Blask_iGamingNews.pdf
2026-04-17,Chile,LATAM,Tier 3,7,Jelly Express,Pragmatic Play,Tier3_Top15_17_04(P1)_Blask_iGamingNews.pdf
2026-04-17,Chile,LATAM,Tier 3,8,Big Bass Splash,Reel Kingdom,Tier3_Top15_17_04(P1)_Blask_iGamingNews.pdf
2026-04-17,Chile,LATAM,Tier 3,9,The Dog House Megaways,Pragmatic Play,Tier3_Top15_17_04(P1)_Blask_iGamingNews.pdf
2026-04-17,Chile,LATAM,Tier 3,10,Big Bass Bonanza,Reel Kingdom,Tier3_Top15_17_04(P1)_Blask_iGamingNews.pdf
2026-04-17,Chile,LATAM,Tier 3,11,Aviator,Spribe,Tier3_Top15_17_04(P1)_Blask_iGamingNews.pdf
2026-04-17,Chile,LATAM,Tier 3,12,Zeus vs Hades Gods of War,Pragmatic Play,Tier3_Top15_17_04(P1)_Blask_iGamingNews.pdf
2026-04-17,Chile,LATAM,Tier 3,13,Bigger Bass Splash,Pragmatic Play,Tier3_Top15_17_04(P1)_Blask_iGamingNews.pdf
2026-04-17,Chile,LATAM,Tier 3,14,Buffalo King Megaways,Pragmatic Play,Tier3_Top15_17_04(P1)_Blask_iGamingNews.pdf
2026-04-17,Chile,LATAM,Tier 3,15,Sweet Bonanza,Pragmatic Play,Tier3_Top15_17_04(P1)_Blask_iGamingNews.pdf
2026-04-17,Nigeria,WEST AFRICA,Tier 3,1,Gates of Olympus,Pragmatic Play,Tier3_Top15_17_04(P1)_Blask_iGamingNews.pdf
2026-04-17,Nigeria,WEST AFRICA,Tier 3,2,Gates of Olympus 1000,Pragmatic Play,Tier3_Top15_17_04(P1)_Blask_iGamingNews.pdf
2026-04-17,Nigeria,WEST AFRICA,Tier 3,3,Aviator,Spribe,Tier3_Top15_17_04(P1)_Blask_iGamingNews.pdf
2026-04-17,Nigeria,WEST AFRICA,Tier 3,4,European Roulette,Evoplay,Tier3_Top15_17_04(P1)_Blask_iGamingNews.pdf
2026-04-17,Nigeria,WEST AFRICA,Tier 3,5,Gates of Olympus Super Scatter,Pragmatic Play,Tier3_Top15_17_04(P1)_Blask_iGamingNews.pdf
2026-04-17,Nigeria,WEST AFRICA,Tier 3,6,Sugar Rush 1000,Pragmatic Play,Tier3_Top15_17_04(P1)_Blask_iGamingNews.pdf
2026-04-17,Nigeria,WEST AFRICA,Tier 3,7,Sweet Bonanza,Pragmatic Play,Tier3_Top15_17_04(P1)_Blask_iGamingNews.pdf
2026-04-17,Nigeria,WEST AFRICA,Tier 3,8,Jelly Express,Pragmatic Play,Tier3_Top15_17_04(P1)_Blask_iGamingNews.pdf
2026-04-17,Nigeria,WEST AFRICA,Tier 3,9,Big Bass Bonanza,Reel Kingdom,Tier3_Top15_17_04(P1)_Blask_iGamingNews.pdf
2026-04-17,Nigeria,WEST AFRICA,Tier 3,10,Big Bass Splash,Reel Kingdom,Tier3_Top15_17_04(P1)_Blask_iGamingNews.pdf
2026-04-17,Nigeria,WEST AFRICA,Tier 3,11,The Dog House Megaways,Pragmatic Play,Tier3_Top15_17_04(P1)_Blask_iGamingNews.pdf
2026-04-17,Nigeria,WEST AFRICA,Tier 3,12,Zeus vs Hades Gods of War,Pragmatic Play,Tier3_Top15_17_04(P1)_Blask_iGamingNews.pdf
2026-04-17,Nigeria,WEST AFRICA,Tier 3,13,Sweet Bonanza 1000,Pragmatic Play,Tier3_Top15_17_04(P1)_Blask_iGamingNews.pdf
2026-04-17,Nigeria,WEST AFRICA,Tier 3,14,American Roulette,KA Gaming,Tier3_Top15_17_04(P1)_Blask_iGamingNews.pdf
2026-04-17,Nigeria,WEST AFRICA,Tier 3,15,Sugar Rush,Pragmatic Play,Tier3_Top15_17_04(P1)_Blask_iGamingNews.pdf
2026-04-17,Ghana,WEST AFRICA,Tier 3,1,Gates of Olympus 1000,Pragmatic Play,Tier3_Top15_17_04(P2)__Blask_iGamingNews.pdf
2026-04-17,Ghana,WEST AFRICA,Tier 3,2,Gates of Olympus,Pragmatic Play,Tier3_Top15_17_04(P2)__Blask_iGamingNews.pdf
2026-04-17,Ghana,WEST AFRICA,Tier 3,3,Aviator,Spribe,Tier3_Top15_17_04(P2)__Blask_iGamingNews.pdf
2026-04-17,Ghana,WEST AFRICA,Tier 3,4,European Roulette,Evoplay,Tier3_Top15_17_04(P2)__Blask_iGamingNews.pdf
2026-04-17,Ghana,WEST AFRICA,Tier 3,5,Gates of Olympus Super Scatter,Pragmatic Play,Tier3_Top15_17_04(P2)__Blask_iGamingNews.pdf
2026-04-17,Ghana,WEST AFRICA,Tier 3,6,Sugar Rush 1000,Pragmatic Play,Tier3_Top15_17_04(P2)__Blask_iGamingNews.pdf
2026-04-17,Ghana,WEST AFRICA,Tier 3,7,Big Bass Splash,Reel Kingdom,Tier3_Top15_17_04(P2)__Blask_iGamingNews.pdf
2026-04-17,Ghana,WEST AFRICA,Tier 3,8,Sweet Bonanza,Pragmatic Play,Tier3_Top15_17_04(P2)__Blask_iGamingNews.pdf
2026-04-17,Ghana,WEST AFRICA,Tier 3,9,Sugar Rush,Pragmatic Play,Tier3_Top15_17_04(P2)__Blask_iGamingNews.pdf
2026-04-17,Ghana,WEST AFRICA,Tier 3,10,Jelly Express,Pragmatic Play,Tier3_Top15_17_04(P2)__Blask_iGamingNews.pdf
2026-04-17,Ghana,WEST AFRICA,Tier 3,11,Big Bass Bonanza,Reel Kingdom,Tier3_Top15_17_04(P2)__Blask_iGamingNews.pdf
2026-04-17,Ghana,WEST AFRICA,Tier 3,12,The Dog House Megaways,Pragmatic Play,Tier3_Top15_17_04(P2)__Blask_iGamingNews.pdf
2026-04-17,Ghana,WEST AFRICA,Tier 3,13,Madame Destiny Megaways,Pragmatic Play,Tier3_Top15_17_04(P2)__Blask_iGamingNews.pdf
2026-04-17,Ghana,WEST AFRICA,Tier 3,14,Zeus vs Hades Gods of War,Pragmatic Play,Tier3_Top15_17_04(P2)__Blask_iGamingNews.pdf
2026-04-17,Ghana,WEST AFRICA,Tier 3,15,Sweet Bonanza 1000,Pragmatic Play,Tier3_Top15_17_04(P2)__Blask_iGamingNews.pdf
2026-07-24,India,INDIA,Tier 3,1,Aviator,Spribe,Tier3_Top15_24_07_Blask_iGamingNews.pdf
2026-07-24,India,INDIA,Tier 3,2,Aviatrix,Aviatrix,Tier3_Top15_24_07_Blask_iGamingNews.pdf
2026-07-24,India,INDIA,Tier 3,3,JetX,SmartSoft Gaming,Tier3_Top15_24_07_Blask_iGamingNews.pdf
2026-07-24,India,INDIA,Tier 3,4,Ice Fishing,Evolution,Tier3_Top15_24_07_Blask_iGamingNews.pdf
2026-07-24,India,INDIA,Tier 3,5,Fortune Gems 3,TaDa Gaming,Tier3_Top15_24_07_Blask_iGamingNews.pdf
2026-07-24,India,INDIA,Tier 3,6,Fortune Gems 2,TaDa Gaming,Tier3_Top15_24_07_Blask_iGamingNews.pdf
2026-07-24,India,INDIA,Tier 3,7,Money Coming Expanded Bets,TaDa Gaming,Tier3_Top15_24_07_Blask_iGamingNews.pdf
2026-07-24,India,INDIA,Tier 3,8,Fortune Garuda 500,JILI,Tier3_Top15_24_07_Blask_iGamingNews.pdf
2026-07-24,India,INDIA,Tier 3,9,Coin Strike: Hold and Win,Playson,Tier3_Top15_24_07_Blask_iGamingNews.pdf
2026-07-24,India,INDIA,Tier 3,10,Supreme Hot,Amusnet,Tier3_Top15_24_07_Blask_iGamingNews.pdf
2026-07-24,India,INDIA,Tier 3,11,777 Coins,3 Oaks Gaming,Tier3_Top15_24_07_Blask_iGamingNews.pdf
2026-07-24,India,INDIA,Tier 3,12,Shining Crown,Amusnet,Tier3_Top15_24_07_Blask_iGamingNews.pdf
2026-07-24,India,INDIA,Tier 3,13,Adventures Beyond Wonderland Live,Playtech,Tier3_Top15_24_07_Blask_iGamingNews.pdf
2026-07-24,India,INDIA,Tier 3,14,Fortune Gems,TaDa Gaming,Tier3_Top15_24_07_Blask_iGamingNews.pdf
2026-07-24,India,INDIA,Tier 3,15,Crazy Time,Evolution,Tier3_Top15_24_07_Blask_iGamingNews.pdf
2026-07-24,Mexico,LATAM,Tier 3,1,Joker's Jewels,Pragmatic Play,Tier3_Top15_24_07_Blask_iGamingNews.pdf
2026-07-24,Mexico,LATAM,Tier 3,2,Oink Oink Oink,Playtech,Tier3_Top15_24_07_Blask_iGamingNews.pdf
2026-07-24,Mexico,LATAM,Tier 3,3,Spaceman,Pragmatic Play,Tier3_Top15_24_07_Blask_iGamingNews.pdf
2026-07-24,Mexico,LATAM,Tier 3,4,Mega Fire Blaze Roulette Live,Playtech,Tier3_Top15_24_07_Blask_iGamingNews.pdf
2026-07-24,Mexico,LATAM,Tier 3,5,Mega Fire Blaze: Big Circus,Playtech,Tier3_Top15_24_07_Blask_iGamingNews.pdf
2026-07-24,Mexico,LATAM,Tier 3,6,Adventures Beyond Wonderland Live,Playtech,Tier3_Top15_24_07_Blask_iGamingNews.pdf
2026-07-24,Mexico,LATAM,Tier 3,7,Goal Goal Goal: Cash Collect,Playtech Origins,Tier3_Top15_24_07_Blask_iGamingNews.pdf
2026-07-24,Mexico,LATAM,Tier 3,8,Fire Blaze: Blue Wizard Megaways,Playtech,Tier3_Top15_24_07_Blask_iGamingNews.pdf
2026-07-24,Mexico,LATAM,Tier 3,9,All Bets Blackjack Live,Playtech,Tier3_Top15_24_07_Blask_iGamingNews.pdf
2026-07-24,Mexico,LATAM,Tier 3,10,Live Baccarat,Pragmatic Play,Tier3_Top15_24_07_Blask_iGamingNews.pdf
2026-07-24,Mexico,LATAM,Tier 3,11,Buffalo Blitz,Playtech,Tier3_Top15_24_07_Blask_iGamingNews.pdf
2026-07-24,Mexico,LATAM,Tier 3,12,Cosmic Clusters,Bet365 Software,Tier3_Top15_24_07_Blask_iGamingNews.pdf
2026-07-24,Mexico,LATAM,Tier 3,13,Spin Bingo,Zitro,Tier3_Top15_24_07_Blask_iGamingNews.pdf
2026-07-24,Mexico,LATAM,Tier 3,14,"Baa, Baa, Baa",Playtech,Tier3_Top15_24_07_Blask_iGamingNews.pdf
2026-07-24,Mexico,LATAM,Tier 3,15,Clasico Blackjack,Playtech,Tier3_Top15_24_07_Blask_iGamingNews.pdf
2026-07-24,Chile,LATAM,Tier 3,1,Gates of Olympus 1000,Pragmatic Play,Tier3_Top15_24_07_Blask_iGamingNews.pdf
2026-07-24,Chile,LATAM,Tier 3,2,Sweet Bonanza 1000,Pragmatic Play,Tier3_Top15_24_07_Blask_iGamingNews.pdf
2026-07-24,Chile,LATAM,Tier 3,3,Aviator,Spribe,Tier3_Top15_24_07_Blask_iGamingNews.pdf
2026-07-24,Chile,LATAM,Tier 3,4,Gates of Olympus Super Scatter,Pragmatic Play,Tier3_Top15_24_07_Blask_iGamingNews.pdf
2026-07-24,Chile,LATAM,Tier 3,5,Gates of Olympus,Pragmatic Play,Tier3_Top15_24_07_Blask_iGamingNews.pdf
2026-07-24,Chile,LATAM,Tier 3,6,Sugar Rush 1000,Pragmatic Play,Tier3_Top15_24_07_Blask_iGamingNews.pdf
2026-07-24,Chile,LATAM,Tier 3,7,Fury of Anubis,Pragmatic Play,Tier3_Top15_24_07_Blask_iGamingNews.pdf
2026-07-24,Chile,LATAM,Tier 3,8,Action Boost Amber Island,SpinPlay Games,Tier3_Top15_24_07_Blask_iGamingNews.pdf
2026-07-24,Chile,LATAM,Tier 3,9,Marlin Masters,Hacksaw Gaming,Tier3_Top15_24_07_Blask_iGamingNews.pdf
2026-07-24,Chile,LATAM,Tier 3,10,Silly Sweets Cascade Rush,Koala Games,Tier3_Top15_24_07_Blask_iGamingNews.pdf
2026-07-24,Chile,LATAM,Tier 3,11,Scarab Rush Power Combo,Just for the Win,Tier3_Top15_24_07_Blask_iGamingNews.pdf
2026-07-24,Chile,LATAM,Tier 3,12,Candy Rush,Advantplay,Tier3_Top15_24_07_Blask_iGamingNews.pdf
2026-07-24,Chile,LATAM,Tier 3,13,Sweet Bonanza 2500,Pragmatic Play,Tier3_Top15_24_07_Blask_iGamingNews.pdf
2026-07-24,Chile,LATAM,Tier 3,14,Sweet Bonanza,Pragmatic Play,Tier3_Top15_24_07_Blask_iGamingNews.pdf
2026-07-24,Chile,LATAM,Tier 3,15,Savage Lands,Apollo Games,Tier3_Top15_24_07_Blask_iGamingNews.pdf
2026-07-24,Nigeria,WEST AFRICA,Tier 3,1,Aviator,Spribe,Tier3_Top15_24_07_Blask_iGamingNews.pdf
2026-07-24,Nigeria,WEST AFRICA,Tier 3,2,Spin da Bottle (Sportybet),Unknown,Tier3_Top15_24_07_Blask_iGamingNews.pdf
2026-07-24,Nigeria,WEST AFRICA,Tier 3,3,High Flyer,Pragmatic Play,Tier3_Top15_24_07_Blask_iGamingNews.pdf
2026-07-24,Nigeria,WEST AFRICA,Tier 3,4,Gates of Olympus,Pragmatic Play,Tier3_Top15_24_07_Blask_iGamingNews.pdf
2026-07-24,Nigeria,WEST AFRICA,Tier 3,5,Spaceman,Pragmatic Play,Tier3_Top15_24_07_Blask_iGamingNews.pdf
2026-07-24,Nigeria,WEST AFRICA,Tier 3,6,Aero,Turbo Games,Tier3_Top15_24_07_Blask_iGamingNews.pdf
2026-07-24,Nigeria,WEST AFRICA,Tier 3,7,Crash X,Turbo Games,Tier3_Top15_24_07_Blask_iGamingNews.pdf
2026-07-24,Nigeria,WEST AFRICA,Tier 3,8,Spin Match,Unknown,Tier3_Top15_24_07_Blask_iGamingNews.pdf
2026-07-24,Nigeria,WEST AFRICA,Tier 3,9,Roulette,Various provider,Tier3_Top15_24_07_Blask_iGamingNews.pdf
2026-07-24,Nigeria,WEST AFRICA,Tier 3,10,Big Bass Crash,Pragmatic Play,Tier3_Top15_24_07_Blask_iGamingNews.pdf
2026-07-24,Nigeria,WEST AFRICA,Tier 3,11,Hot to Burn,Pragmatic Play,Tier3_Top15_24_07_Blask_iGamingNews.pdf
2026-07-24,Nigeria,WEST AFRICA,Tier 3,12,YOriginal Mines,YOriginal,Tier3_Top15_24_07_Blask_iGamingNews.pdf
2026-07-24,Nigeria,WEST AFRICA,Tier 3,13,Skyward,BetGames,Tier3_Top15_24_07_Blask_iGamingNews.pdf
2026-07-24,Nigeria,WEST AFRICA,Tier 3,14,Red Black by Nocturne Studios,Nocturne Studios,Tier3_Top15_24_07_Blask_iGamingNews.pdf
2026-07-24,Nigeria,WEST AFRICA,Tier 3,15,Comet Crash,SplitThePot,Tier3_Top15_24_07_Blask_iGamingNews.pdf
2026-07-24,Ghana,WEST AFRICA,Tier 3,1,Aviator,Spribe,Tier3_Top15_24_07_Blask_iGamingNews.pdf
2026-07-24,Ghana,WEST AFRICA,Tier 3,2,Spin da Bottle (Sportybet),Unknown,Tier3_Top15_24_07_Blask_iGamingNews.pdf
2026-07-24,Ghana,WEST AFRICA,Tier 3,3,Taxi Ride,SplitThePot,Tier3_Top15_24_07_Blask_iGamingNews.pdf
2026-07-24,Ghana,WEST AFRICA,Tier 3,4,Spaceman,Pragmatic Play,Tier3_Top15_24_07_Blask_iGamingNews.pdf
2026-07-24,Ghana,WEST AFRICA,Tier 3,5,High Flyer,Pragmatic Play,Tier3_Top15_24_07_Blask_iGamingNews.pdf
2026-07-24,Ghana,WEST AFRICA,Tier 3,6,Gates of Olympus,Pragmatic Play,Tier3_Top15_24_07_Blask_iGamingNews.pdf
2026-07-24,Ghana,WEST AFRICA,Tier 3,7,Aero,Turbo Games,Tier3_Top15_24_07_Blask_iGamingNews.pdf
2026-07-24,Ghana,WEST AFRICA,Tier 3,8,Comet Crash,SplitThePot,Tier3_Top15_24_07_Blask_iGamingNews.pdf
2026-07-24,Ghana,WEST AFRICA,Tier 3,9,Skyward,BetGames,Tier3_Top15_24_07_Blask_iGamingNews.pdf
2026-07-24,Ghana,WEST AFRICA,Tier 3,10,Red Black by Nocturne Studios,Nocturne Studios,Tier3_Top15_24_07_Blask_iGamingNews.pdf
2026-07-24,Ghana,WEST AFRICA,Tier 3,11,Sweet Bonanza,Pragmatic Play,Tier3_Top15_24_07_Blask_iGamingNews.pdf
2026-07-24,Ghana,WEST AFRICA,Tier 3,12,Sporty Hero,Unknown,Tier3_Top15_24_07_Blask_iGamingNews.pdf
2026-07-24,Ghana,WEST AFRICA,Tier 3,13,Sporty Jet (Sportybet),Unknown,Tier3_Top15_24_07_Blask_iGamingNews.pdf
2026-07-24,Ghana,WEST AFRICA,Tier 3,14,Sporty Speed,Unknown,Tier3_Top15_24_07_Blask_iGamingNews.pdf
2026-07-24,Ghana,WEST AFRICA,Tier 3,15,Pearl Drop,Proprietary Games,Tier3_Top15_24_07_Blask_iGamingNews.pdf
2026-06-26,India,INDIA,Tier 3,1,Aviator,Spribe,Tier3_Top15_26_06(P1)_Blask_iGamingNews.pdf
2026-06-26,India,INDIA,Tier 3,2,JetX,SmartSoft Gaming,Tier3_Top15_26_06(P1)_Blask_iGamingNews.pdf
2026-06-26,India,INDIA,Tier 3,3,Adventures Beyond Wonderland Live,Playtech,Tier3_Top15_26_06(P1)_Blask_iGamingNews.pdf
2026-06-26,India,INDIA,Tier 3,4,Aviatrix,Aviatrix,Tier3_Top15_26_06(P1)_Blask_iGamingNews.pdf
2026-06-26,India,INDIA,Tier 3,5,Fortune Gems 2,TaDa Gaming,Tier3_Top15_26_06(P1)_Blask_iGamingNews.pdf
2026-06-26,India,INDIA,Tier 3,6,Chicken Road,InOut Games,Tier3_Top15_26_06(P1)_Blask_iGamingNews.pdf
2026-06-26,India,INDIA,Tier 3,7,Crazy Time,Evolution,Tier3_Top15_26_06(P1)_Blask_iGamingNews.pdf
2026-06-26,India,INDIA,Tier 3,8,Chicken Road 2.0,InOut Games,Tier3_Top15_26_06(P1)_Blask_iGamingNews.pdf
2026-06-26,India,INDIA,Tier 3,9,Fortune Gems,TaDa Gaming,Tier3_Top15_26_06(P1)_Blask_iGamingNews.pdf
2026-06-26,India,INDIA,Tier 3,10,Aviatrix Second Chance,Aviatrix,Tier3_Top15_26_06(P1)_Blask_iGamingNews.pdf
2026-06-26,India,INDIA,Tier 3,11,Supreme Hot,Amusnet,Tier3_Top15_26_06(P1)_Blask_iGamingNews.pdf
2026-06-26,India,INDIA,Tier 3,12,Ice Fishing,Evolution,Tier3_Top15_26_06(P1)_Blask_iGamingNews.pdf
2026-06-26,India,INDIA,Tier 3,13,Voltage Blitz Rapid,Koala Games,Tier3_Top15_26_06(P1)_Blask_iGamingNews.pdf
2026-06-26,India,INDIA,Tier 3,14,5 Crown Hot,EGT Digital,Tier3_Top15_26_06(P1)_Blask_iGamingNews.pdf
2026-06-26,India,INDIA,Tier 3,15,Mega Fire Blaze Lucky Ball Live,Playtech,Tier3_Top15_26_06(P1)_Blask_iGamingNews.pdf
2026-06-26,Mexico,LATAM,Tier 3,1,Joker’s Jewels,Pragmatic Play,Tier3_Top15_26_06(P1)_Blask_iGamingNews.pdf
2026-06-26,Mexico,LATAM,Tier 3,2,Mega Fire Blaze Roulette Live,Playtech,Tier3_Top15_26_06(P1)_Blask_iGamingNews.pdf
2026-06-26,Mexico,LATAM,Tier 3,3,Oink Oink Oink,Playtech,Tier3_Top15_26_06(P1)_Blask_iGamingNews.pdf
2026-06-26,Mexico,LATAM,Tier 3,4,Mega Fire Blaze: Big Circus,Playtech,Tier3_Top15_26_06(P1)_Blask_iGamingNews.pdf
2026-06-26,Mexico,LATAM,Tier 3,5,Spaceman,Pragmatic Play,Tier3_Top15_26_06(P1)_Blask_iGamingNews.pdf
2026-06-26,Mexico,LATAM,Tier 3,6,Buffalo Blitz,Playtech,Tier3_Top15_26_06(P1)_Blask_iGamingNews.pdf
2026-06-26,Mexico,LATAM,Tier 3,7,Fu Frog Animals,Zitro,Tier3_Top15_26_06(P1)_Blask_iGamingNews.pdf
2026-06-26,Mexico,LATAM,Tier 3,8,Live Baccarat,Pragmatic Play,Tier3_Top15_26_06(P1)_Blask_iGamingNews.pdf
2026-06-26,Mexico,LATAM,Tier 3,9,Fire Blaze: Blue Wizard Megaways,Playtech,Tier3_Top15_26_06(P1)_Blask_iGamingNews.pdf
2026-06-26,Mexico,LATAM,Tier 3,10,Blazing Rainbows,Playtech,Tier3_Top15_26_06(P1)_Blask_iGamingNews.pdf
2026-06-26,Mexico,LATAM,Tier 3,11,Roulette En Vivo Live Casino,Evolution,Tier3_Top15_26_06(P1)_Blask_iGamingNews.pdf
2026-06-26,Mexico,LATAM,Tier 3,12,Powermania Bonus,Zitro,Tier3_Top15_26_06(P1)_Blask_iGamingNews.pdf
2026-06-26,Mexico,LATAM,Tier 3,13,All Bets Blackjack Live,Playtech,Tier3_Top15_26_06(P1)_Blask_iGamingNews.pdf
2026-06-26,Mexico,LATAM,Tier 3,14,Fu Frog Garden,Zitro,Tier3_Top15_26_06(P1)_Blask_iGamingNews.pdf
2026-06-26,Mexico,LATAM,Tier 3,15,Adventures Beyond Wonderland Live,Playtech,Tier3_Top15_26_06(P1)_Blask_iGamingNews.pdf
2026-06-26,Chile,LATAM,Tier 3,1,Gates of Olympus 1000,Pragmatic Play,Tier3_Top15_26_06(P1)_Blask_iGamingNews.pdf
2026-06-26,Chile,LATAM,Tier 3,2,Gates of Olympus Super Scatter,Pragmatic Play,Tier3_Top15_26_06(P1)_Blask_iGamingNews.pdf
2026-06-26,Chile,LATAM,Tier 3,3,Aviator,Spribe,Tier3_Top15_26_06(P1)_Blask_iGamingNews.pdf
2026-06-26,Chile,LATAM,Tier 3,4,Sweet Bonanza 1000,Pragmatic Play,Tier3_Top15_26_06(P1)_Blask_iGamingNews.pdf
2026-06-26,Chile,LATAM,Tier 3,5,Burning Coins 40,Endorphina,Tier3_Top15_26_06(P1)_Blask_iGamingNews.pdf
2026-06-26,Chile,LATAM,Tier 3,6,Fortune Bankers,Endorphina,Tier3_Top15_26_06(P1)_Blask_iGamingNews.pdf
2026-06-26,Chile,LATAM,Tier 3,7,Gates of Olympus,Pragmatic Play,Tier3_Top15_26_06(P1)_Blask_iGamingNews.pdf
2026-06-26,Chile,LATAM,Tier 3,8,4 Pots Riches Hold and Win,Playson,Tier3_Top15_26_06(P1)_Blask_iGamingNews.pdf
2026-06-26,Chile,LATAM,Tier 3,9,1Tap Mines,Turbo Games,Tier3_Top15_26_06(P1)_Blask_iGamingNews.pdf
2026-06-26,Chile,LATAM,Tier 3,10,Shark Feast,Play’n GO,Tier3_Top15_26_06(P1)_Blask_iGamingNews.pdf
2026-06-26,Chile,LATAM,Tier 3,11,Sugar Rush 1000,Pragmatic Play,Tier3_Top15_26_06(P1)_Blask_iGamingNews.pdf
2026-06-26,Chile,LATAM,Tier 3,12,Firework Fusion,Slingshot Studios,Tier3_Top15_26_06(P1)_Blask_iGamingNews.pdf
2026-06-26,Chile,LATAM,Tier 3,13,Sweet Bonanza,Pragmatic Play,Tier3_Top15_26_06(P1)_Blask_iGamingNews.pdf
2026-06-26,Chile,LATAM,Tier 3,14,Harrigan and Hare Rainbow Bonanza,Infinity Dragon Studios,Tier3_Top15_26_06(P1)_Blask_iGamingNews.pdf
2026-06-26,Chile,LATAM,Tier 3,15,Candy Rush,Pragmatic Play,Tier3_Top15_26_06(P1)_Blask_iGamingNews.pdf
2026-06-26,Nigeria,WEST AFRICA,Tier 3,1,Aviator,Spribe,Tier3_Top15_26_06(P1)_Blask_iGamingNews.pdf
2026-06-26,Nigeria,WEST AFRICA,Tier 3,2,High Flyer,Pragmatic Play,Tier3_Top15_26_06(P1)_Blask_iGamingNews.pdf
2026-06-26,Nigeria,WEST AFRICA,Tier 3,3,Hot to Burn,Pragmatic Play,Tier3_Top15_26_06(P1)_Blask_iGamingNews.pdf
2026-06-26,Nigeria,WEST AFRICA,Tier 3,4,Gates of Olympus,Pragmatic Play,Tier3_Top15_26_06(P1)_Blask_iGamingNews.pdf
2026-06-26,Nigeria,WEST AFRICA,Tier 3,5,Spaceman,Pragmatic Play,Tier3_Top15_26_06(P1)_Blask_iGamingNews.pdf
2026-06-26,Nigeria,WEST AFRICA,Tier 3,6,Aero,Turbo Games,Tier3_Top15_26_06(P1)_Blask_iGamingNews.pdf
2026-06-26,Nigeria,WEST AFRICA,Tier 3,7,Crash X,Turbo Games,Tier3_Top15_26_06(P1)_Blask_iGamingNews.pdf
2026-06-26,Nigeria,WEST AFRICA,Tier 3,8,Roulette,Various provider,Tier3_Top15_26_06(P1)_Blask_iGamingNews.pdf
2026-06-26,Nigeria,WEST AFRICA,Tier 3,9,Spin Match,Unknown,Tier3_Top15_26_06(P1)_Blask_iGamingNews.pdf
2026-06-26,Nigeria,WEST AFRICA,Tier 3,10,Big Bass Crash,Pragmatic Play,Tier3_Top15_26_06(P1)_Blask_iGamingNews.pdf
2026-06-26,Nigeria,WEST AFRICA,Tier 3,11,YOriginal Mines,YOriginal,Tier3_Top15_26_06(P1)_Blask_iGamingNews.pdf
2026-06-26,Nigeria,WEST AFRICA,Tier 3,12,Comet Crash,SplitThePot,Tier3_Top15_26_06(P1)_Blask_iGamingNews.pdf
2026-06-26,Nigeria,WEST AFRICA,Tier 3,13,Sweet Bonanza,Pragmatic Play,Tier3_Top15_26_06(P1)_Blask_iGamingNews.pdf
2026-06-26,Nigeria,WEST AFRICA,Tier 3,14,Skyward,BetGames,Tier3_Top15_26_06(P1)_Blask_iGamingNews.pdf
2026-06-26,Nigeria,WEST AFRICA,Tier 3,15,Spin da Bottle (Sportybet),Unknown,Tier3_Top15_26_06(P1)_Blask_iGamingNews.pdf
2026-06-26,Ghana,WEST AFRICA,Tier 3,1,Aviator,Spribe,Tier3_Top15_26_06(P2)_Blask_iGamingNews.pdf
2026-06-26,Ghana,WEST AFRICA,Tier 3,2,High Flyer,Pragmatic Play,Tier3_Top15_26_06(P2)_Blask_iGamingNews.pdf
2026-06-26,Ghana,WEST AFRICA,Tier 3,3,Spin da Bottle (Sportybet),Unknown,Tier3_Top15_26_06(P2)_Blask_iGamingNews.pdf
2026-06-26,Ghana,WEST AFRICA,Tier 3,4,Taxi Ride,SplitThePot,Tier3_Top15_26_06(P2)_Blask_iGamingNews.pdf
2026-06-26,Ghana,WEST AFRICA,Tier 3,5,Gates of Olympus,Pragmatic Play,Tier3_Top15_26_06(P2)_Blask_iGamingNews.pdf
2026-06-26,Ghana,WEST AFRICA,Tier 3,6,Spaceman,Pragmatic Play,Tier3_Top15_26_06(P2)_Blask_iGamingNews.pdf
2026-06-26,Ghana,WEST AFRICA,Tier 3,7,Sweet Bonanza,Pragmatic Play,Tier3_Top15_26_06(P2)_Blask_iGamingNews.pdf
2026-06-26,Ghana,WEST AFRICA,Tier 3,8,Aero,Turbo Games,Tier3_Top15_26_06(P2)_Blask_iGamingNews.pdf
2026-06-26,Ghana,WEST AFRICA,Tier 3,9,Hot to Burn,Pragmatic Play,Tier3_Top15_26_06(P2)_Blask_iGamingNews.pdf
2026-06-26,Ghana,WEST AFRICA,Tier 3,10,Comet Crash,SplitThePot,Tier3_Top15_26_06(P2)_Blask_iGamingNews.pdf
2026-06-26,Ghana,WEST AFRICA,Tier 3,11,Even Odd (Sportybet),Unknown,Tier3_Top15_26_06(P2)_Blask_iGamingNews.pdf
2026-06-26,Ghana,WEST AFRICA,Tier 3,12,Skyward,BetGames,Tier3_Top15_26_06(P2)_Blask_iGamingNews.pdf
2026-06-26,Ghana,WEST AFRICA,Tier 3,13,Sporty Jet (Sportybet),Unknown,Tier3_Top15_26_06(P2)_Blask_iGamingNews.pdf
2026-06-26,Ghana,WEST AFRICA,Tier 3,14,Sporty Speed,Unknown,Tier3_Top15_26_06(P2)_Blask_iGamingNews.pdf
2026-06-26,Ghana,WEST AFRICA,Tier 3,15,Red Black Poker,Skywind,Tier3_Top15_26_06(P2)_Blask_iGamingNews.pdf
2026-02-27,India,INDIA,Tier 3,1,Aviator,Spribe,Tier3_Top15_27_02_Blask_iGamingNews.pdf
2026-02-27,India,INDIA,Tier 3,2,Crazy Time,Evolution,Tier3_Top15_27_02_Blask_iGamingNews.pdf
2026-02-27,India,INDIA,Tier 3,3,Wanted Dead or a Wild,Hacksaw Gaming,Tier3_Top15_27_02_Blask_iGamingNews.pdf
2026-02-27,India,INDIA,Tier 3,4,Gates of Olympus 1000,Pragmatic Play,Tier3_Top15_27_02_Blask_iGamingNews.pdf
2026-02-27,India,INDIA,Tier 3,5,Le Bandit,Hacksaw Gaming,Tier3_Top15_27_02_Blask_iGamingNews.pdf
2026-02-27,India,INDIA,Tier 3,6,Gates of Olympus,Pragmatic Play,Tier3_Top15_27_02_Blask_iGamingNews.pdf
2026-02-27,India,INDIA,Tier 3,7,Bonanza Billion,BGaming,Tier3_Top15_27_02_Blask_iGamingNews.pdf
2026-02-27,India,INDIA,Tier 3,8,Sweet Bonanza 1000,Pragmatic Play,Tier3_Top15_27_02_Blask_iGamingNews.pdf
2026-02-27,India,INDIA,Tier 3,9,Duel at Dawn,Hacksaw Gaming,Tier3_Top15_27_02_Blask_iGamingNews.pdf
2026-02-27,India,INDIA,Tier 3,10,Mortal Oath,Foxhound Gaming,Tier3_Top15_27_02_Blask_iGamingNews.pdf
2026-02-27,India,INDIA,Tier 3,11,Aero,Turbo Games,Tier3_Top15_27_02_Blask_iGamingNews.pdf
2026-02-27,India,INDIA,Tier 3,12,Aviatrix,Aviatrix,Tier3_Top15_27_02_Blask_iGamingNews.pdf
2026-02-27,India,INDIA,Tier 3,13,Lady Wolf Moon Megaways,BGaming,Tier3_Top15_27_02_Blask_iGamingNews.pdf
2026-02-27,India,INDIA,Tier 3,14,Chicken Road,InOut Games,Tier3_Top15_27_02_Blask_iGamingNews.pdf
2026-02-27,India,INDIA,Tier 3,15,Luxe Blackjack 2,Winfinity,Tier3_Top15_27_02_Blask_iGamingNews.pdf
2026-02-27,Mexico,LATAM,Tier 3,1,Gates of Olympus 1000,Pragmatic Play,Tier3_Top15_27_02_Blask_iGamingNews.pdf
2026-02-27,Mexico,LATAM,Tier 3,2,Gates of Olympus Super Scatter,Pragmatic Play,Tier3_Top15_27_02_Blask_iGamingNews.pdf
2026-02-27,Mexico,LATAM,Tier 3,3,Zeus vs Hades Gods of War,Pragmatic Play,Tier3_Top15_27_02_Blask_iGamingNews.pdf
2026-02-27,Mexico,LATAM,Tier 3,4,Aviator,Spribe,Tier3_Top15_27_02_Blask_iGamingNews.pdf
2026-02-27,Mexico,LATAM,Tier 3,5,Sugar Rush 1000,Pragmatic Play,Tier3_Top15_27_02_Blask_iGamingNews.pdf
2026-02-27,Mexico,LATAM,Tier 3,6,Gates of Olympus,Pragmatic Play,Tier3_Top15_27_02_Blask_iGamingNews.pdf
2026-02-27,Mexico,LATAM,Tier 3,7,Sugar Rush,Pragmatic Play,Tier3_Top15_27_02_Blask_iGamingNews.pdf
2026-02-27,Mexico,LATAM,Tier 3,8,Sweet Bonanza 1000,Pragmatic Play,Tier3_Top15_27_02_Blask_iGamingNews.pdf
2026-02-27,Mexico,LATAM,Tier 3,9,Luxe Blackjack 2,Winfinity,Tier3_Top15_27_02_Blask_iGamingNews.pdf
2026-02-27,Mexico,LATAM,Tier 3,10,Big Bass Bonanza,Reel Kingdom,Tier3_Top15_27_02_Blask_iGamingNews.pdf
2026-02-27,Mexico,LATAM,Tier 3,11,Big Bass Splash,Reel Kingdom,Tier3_Top15_27_02_Blask_iGamingNews.pdf
2026-02-27,Mexico,LATAM,Tier 3,12,5 Lions Megaways,Pragmatic Play,Tier3_Top15_27_02_Blask_iGamingNews.pdf
2026-02-27,Mexico,LATAM,Tier 3,13,Big Bass Bonanza 1000,Pragmatic Play,Tier3_Top15_27_02_Blask_iGamingNews.pdf
2026-02-27,Mexico,LATAM,Tier 3,14,Sweet Rush Bonanza,Pragmatic Play,Tier3_Top15_27_02_Blask_iGamingNews.pdf
2026-02-27,Mexico,LATAM,Tier 3,15,Sweet Bonanza,Pragmatic Play,Tier3_Top15_27_02_Blask_iGamingNews.pdf
2026-02-27,Chile,LATAM,Tier 3,1,Gates of Olympus 1000,Pragmatic Play,Tier3_Top15_27_02_Blask_iGamingNews.pdf
2026-02-27,Chile,LATAM,Tier 3,2,Sugar Rush,Pragmatic Play,Tier3_Top15_27_02_Blask_iGamingNews.pdf
2026-02-27,Chile,LATAM,Tier 3,3,Sweet Bonanza 1000,Pragmatic Play,Tier3_Top15_27_02_Blask_iGamingNews.pdf
2026-02-27,Chile,LATAM,Tier 3,4,Gates of Olympus Super Scatter,Pragmatic Play,Tier3_Top15_27_02_Blask_iGamingNews.pdf
2026-02-27,Chile,LATAM,Tier 3,5,Gates of Olympus,Pragmatic Play,Tier3_Top15_27_02_Blask_iGamingNews.pdf
2026-02-27,Chile,LATAM,Tier 3,6,Aviator,Spribe,Tier3_Top15_27_02_Blask_iGamingNews.pdf
2026-02-27,Chile,LATAM,Tier 3,7,Zeus vs Hades Gods of War,Pragmatic Play,Tier3_Top15_27_02_Blask_iGamingNews.pdf
2026-02-27,Chile,LATAM,Tier 3,8,Sugar Rush 1000,Pragmatic Play,Tier3_Top15_27_02_Blask_iGamingNews.pdf
2026-02-27,Chile,LATAM,Tier 3,9,Big Bass Vegas Double Down Deluxe,Pragmatic Play,Tier3_Top15_27_02_Blask_iGamingNews.pdf
2026-02-27,Chile,LATAM,Tier 3,10,Big Bass Bonanza,Reel Kingdom,Tier3_Top15_27_02_Blask_iGamingNews.pdf
2026-02-27,Chile,LATAM,Tier 3,11,Buffalo King Megaways,Pragmatic Play,Tier3_Top15_27_02_Blask_iGamingNews.pdf
2026-02-27,Chile,LATAM,Tier 3,12,Starlight Princess 1000,Pragmatic Play,Tier3_Top15_27_02_Blask_iGamingNews.pdf
2026-02-27,Chile,LATAM,Tier 3,13,5 Lions Megaways,Pragmatic Play,Tier3_Top15_27_02_Blask_iGamingNews.pdf
2026-02-27,Chile,LATAM,Tier 3,14,Big Bass Splash,Reel Kingdom,Tier3_Top15_27_02_Blask_iGamingNews.pdf
2026-02-27,Chile,LATAM,Tier 3,15,Mummy’s Jewels,Pragmatic Play,Tier3_Top15_27_02_Blask_iGamingNews.pdf
2026-02-27,Nigeria,WEST AFRICA,Tier 3,1,Gates of Olympus 1000,Pragmatic Play,Tier3_Top15_27_02_Blask_iGamingNews.pdf
2026-02-27,Nigeria,WEST AFRICA,Tier 3,2,Aviator,Spribe,Tier3_Top15_27_02_Blask_iGamingNews.pdf
2026-02-27,Nigeria,WEST AFRICA,Tier 3,3,Gates of Olympus,Pragmatic Play,Tier3_Top15_27_02_Blask_iGamingNews.pdf
2026-02-27,Nigeria,WEST AFRICA,Tier 3,4,Gates of Olympus Super Scatter,Pragmatic Play,Tier3_Top15_27_02_Blask_iGamingNews.pdf
2026-02-27,Nigeria,WEST AFRICA,Tier 3,5,Zeus vs Hades Gods of War,Pragmatic Play,Tier3_Top15_27_02_Blask_iGamingNews.pdf
2026-02-27,Nigeria,WEST AFRICA,Tier 3,6,Sweet Bonanza 1000,Pragmatic Play,Tier3_Top15_27_02_Blask_iGamingNews.pdf
2026-02-27,Nigeria,WEST AFRICA,Tier 3,7,Big Bass Bonanza,Reel Kingdom,Tier3_Top15_27_02_Blask_iGamingNews.pdf
2026-02-27,Nigeria,WEST AFRICA,Tier 3,8,Big Bass Splash,Reel Kingdom,Tier3_Top15_27_02_Blask_iGamingNews.pdf
2026-02-27,Nigeria,WEST AFRICA,Tier 3,9,Sugar Rush,Pragmatic Play,Tier3_Top15_27_02_Blask_iGamingNews.pdf
2026-02-27,Nigeria,WEST AFRICA,Tier 3,10,Sweet Bonanza,Pragmatic Play,Tier3_Top15_27_02_Blask_iGamingNews.pdf
2026-02-27,Nigeria,WEST AFRICA,Tier 3,11,The Dog House Megaways,Pragmatic Play,Tier3_Top15_27_02_Blask_iGamingNews.pdf
2026-02-27,Nigeria,WEST AFRICA,Tier 3,12,European Roulette,Evoplay,Tier3_Top15_27_02_Blask_iGamingNews.pdf
2026-02-27,Nigeria,WEST AFRICA,Tier 3,13,Sugar Rush 1000,Pragmatic Play,Tier3_Top15_27_02_Blask_iGamingNews.pdf
2026-02-27,Nigeria,WEST AFRICA,Tier 3,14,Blackjack MH,Play’n GO,Tier3_Top15_27_02_Blask_iGamingNews.pdf
2026-02-27,Nigeria,WEST AFRICA,Tier 3,15,Buffalo King Megaways,Pragmatic Play,Tier3_Top15_27_02_Blask_iGamingNews.pdf
2026-03-27,India,INDIA,Tier 3,1,Aviator,Spribe,Tier3_Top15_27_03(P1)_Blask_iGamingNews.pdf
2026-03-27,India,INDIA,Tier 3,2,Crazy Time,Evolution,Tier3_Top15_27_03(P1)_Blask_iGamingNews.pdf
2026-03-27,India,INDIA,Tier 3,3,Aviatrix,Aviatrix,Tier3_Top15_27_03(P1)_Blask_iGamingNews.pdf
2026-03-27,India,INDIA,Tier 3,4,Chicken Road 2.0,InOut Games,Tier3_Top15_27_03(P1)_Blask_iGamingNews.pdf
2026-03-27,India,INDIA,Tier 3,5,Wanted Dead or a Wild,Hacksaw Gaming,Tier3_Top15_27_03(P1)_Blask_iGamingNews.pdf
2026-03-27,India,INDIA,Tier 3,6,Le Bandit,Hacksaw Gaming,Tier3_Top15_27_03(P1)_Blask_iGamingNews.pdf
2026-03-27,India,INDIA,Tier 3,7,Bonanza Billion,BGaming,Tier3_Top15_27_03(P1)_Blask_iGamingNews.pdf
2026-03-27,India,INDIA,Tier 3,8,European Roulette,Evoplay,Tier3_Top15_27_03(P1)_Blask_iGamingNews.pdf
2026-03-27,India,INDIA,Tier 3,9,Gates of Olympus 1000,Pragmatic Play,Tier3_Top15_27_03(P1)_Blask_iGamingNews.pdf
2026-03-27,India,INDIA,Tier 3,10,Mighty Wild: Gorilla,Wazdan,Tier3_Top15_27_03(P1)_Blask_iGamingNews.pdf
2026-03-27,India,INDIA,Tier 3,11,Le Fisherman,Hacksaw Gaming,Tier3_Top15_27_03(P1)_Blask_iGamingNews.pdf
2026-03-27,India,INDIA,Tier 3,12,Double Blazing Hot 27 Ways,Barbara Bang,Tier3_Top15_27_03(P1)_Blask_iGamingNews.pdf
2026-03-27,India,INDIA,Tier 3,13,Live European Roulette,Amusnet,Tier3_Top15_27_03(P1)_Blask_iGamingNews.pdf
2026-03-27,India,INDIA,Tier 3,14,Duel at Dawn,Hacksaw Gaming,Tier3_Top15_27_03(P1)_Blask_iGamingNews.pdf
2026-03-27,India,INDIA,Tier 3,15,Gates of Olympus,Pragmatic Play,Tier3_Top15_27_03(P1)_Blask_iGamingNews.pdf
2026-03-27,Mexico,LATAM,Tier 3,1,Sugar Rush,Pragmatic Play,Tier3_Top15_27_03(P1)_Blask_iGamingNews.pdf
2026-03-27,Mexico,LATAM,Tier 3,2,Aviator,Spribe,Tier3_Top15_27_03(P1)_Blask_iGamingNews.pdf
2026-03-27,Mexico,LATAM,Tier 3,3,Fortune Ox,Pocket Games Soft,Tier3_Top15_27_03(P1)_Blask_iGamingNews.pdf
2026-03-27,Mexico,LATAM,Tier 3,4,Sweet Bonanza,Pragmatic Play,Tier3_Top15_27_03(P1)_Blask_iGamingNews.pdf
2026-03-27,Mexico,LATAM,Tier 3,5,Fortune Tiger,Pocket Games Soft,Tier3_Top15_27_03(P1)_Blask_iGamingNews.pdf
2026-03-27,Mexico,LATAM,Tier 3,6,Gates of Olympus,Pragmatic Play,Tier3_Top15_27_03(P1)_Blask_iGamingNews.pdf
2026-03-27,Mexico,LATAM,Tier 3,7,Sugar Rush 1000,Pragmatic Play,Tier3_Top15_27_03(P1)_Blask_iGamingNews.pdf
2026-03-27,Mexico,LATAM,Tier 3,8,Oink Oink Oink,Playtech,Tier3_Top15_27_03(P1)_Blask_iGamingNews.pdf
2026-03-27,Mexico,LATAM,Tier 3,9,Le Pharaoh,Hacksaw Gaming,Tier3_Top15_27_03(P1)_Blask_iGamingNews.pdf
2026-03-27,Mexico,LATAM,Tier 3,10,Joker’s Jewels,Pragmatic Play,Tier3_Top15_27_03(P1)_Blask_iGamingNews.pdf
2026-03-27,Mexico,LATAM,Tier 3,11,Gates of Olympus Super Scatter,Pragmatic Play,Tier3_Top15_27_03(P1)_Blask_iGamingNews.pdf
2026-03-27,Mexico,LATAM,Tier 3,12,Sweet Bonanza 1000,Pragmatic Play,Tier3_Top15_27_03(P1)_Blask_iGamingNews.pdf
2026-03-27,Mexico,LATAM,Tier 3,13,Gates of Olympus 1000,Pragmatic Play,Tier3_Top15_27_03(P1)_Blask_iGamingNews.pdf
2026-03-27,Mexico,LATAM,Tier 3,14,Bigger Bass Bonanza,Pragmatic Play,Tier3_Top15_27_03(P1)_Blask_iGamingNews.pdf
2026-03-27,Mexico,LATAM,Tier 3,15,Big Bass Bonanza,Reel Kingdom,Tier3_Top15_27_03(P1)_Blask_iGamingNews.pdf
2026-03-27,Chile,LATAM,Tier 3,1,Gates of Olympus 1000,Pragmatic Play,Tier3_Top15_27_03(P1)_Blask_iGamingNews.pdf
2026-03-27,Chile,LATAM,Tier 3,2,Gates of Olympus,Pragmatic Play,Tier3_Top15_27_03(P1)_Blask_iGamingNews.pdf
2026-03-27,Chile,LATAM,Tier 3,3,Sugar Rush 1000,Pragmatic Play,Tier3_Top15_27_03(P1)_Blask_iGamingNews.pdf
2026-03-27,Chile,LATAM,Tier 3,4,Sugar Rush,Pragmatic Play,Tier3_Top15_27_03(P1)_Blask_iGamingNews.pdf
2026-03-27,Chile,LATAM,Tier 3,5,Sweet Bonanza 1000,Pragmatic Play,Tier3_Top15_27_03(P1)_Blask_iGamingNews.pdf
2026-03-27,Chile,LATAM,Tier 3,6,Zeus vs Hades Gods of War,Pragmatic Play,Tier3_Top15_27_03(P1)_Blask_iGamingNews.pdf
2026-03-27,Chile,LATAM,Tier 3,7,Gates of Olympus Super Scatter,Pragmatic Play,Tier3_Top15_27_03(P1)_Blask_iGamingNews.pdf
2026-03-27,Chile,LATAM,Tier 3,8,Sweet Bonanza,Pragmatic Play,Tier3_Top15_27_03(P1)_Blask_iGamingNews.pdf
2026-03-27,Chile,LATAM,Tier 3,9,Big Bass Splash,Reel Kingdom,Tier3_Top15_27_03(P1)_Blask_iGamingNews.pdf
2026-03-27,Chile,LATAM,Tier 3,10,Starlight Princess 1000,Pragmatic Play,Tier3_Top15_27_03(P1)_Blask_iGamingNews.pdf
2026-03-27,Chile,LATAM,Tier 3,11,Le Bandit,Hacksaw Gaming,Tier3_Top15_27_03(P1)_Blask_iGamingNews.pdf
2026-03-27,Chile,LATAM,Tier 3,12,Steaming Reels,Pragmatic Play,Tier3_Top15_27_03(P1)_Blask_iGamingNews.pdf
2026-03-27,Chile,LATAM,Tier 3,13,5 Lions Megaways,Pragmatic Play,Tier3_Top15_27_03(P1)_Blask_iGamingNews.pdf
2026-03-27,Chile,LATAM,Tier 3,14,Big Bass Bonanza,Reel Kingdom,Tier3_Top15_27_03(P1)_Blask_iGamingNews.pdf
2026-03-27,Chile,LATAM,Tier 3,15,Buffalo King Megaways,Pragmatic Play,Tier3_Top15_27_03(P1)_Blask_iGamingNews.pdf
2026-03-27,Nigeria,WEST AFRICA,Tier 3,1,Fortune Tiger,Pocket Games Soft,Tier3_Top15_27_03(P1)_Blask_iGamingNews.pdf
2026-03-27,Nigeria,WEST AFRICA,Tier 3,2,Sweet Bonanza,Pragmatic Play,Tier3_Top15_27_03(P1)_Blask_iGamingNews.pdf
2026-03-27,Nigeria,WEST AFRICA,Tier 3,3,Aviator,Spribe,Tier3_Top15_27_03(P1)_Blask_iGamingNews.pdf
2026-03-27,Nigeria,WEST AFRICA,Tier 3,4,Fortune Rabbit,Pocket Games Soft,Tier3_Top15_27_03(P1)_Blask_iGamingNews.pdf
2026-03-27,Nigeria,WEST AFRICA,Tier 3,5,JetX,SmartSoft Gaming,Tier3_Top15_27_03(P1)_Blask_iGamingNews.pdf
2026-03-27,Nigeria,WEST AFRICA,Tier 3,6,Crown Coins,Endorphina,Tier3_Top15_27_03(P1)_Blask_iGamingNews.pdf
2026-03-27,Nigeria,WEST AFRICA,Tier 3,7,Book of the Fallen,Pragmatic Play,Tier3_Top15_27_03(P1)_Blask_iGamingNews.pdf
2026-03-27,Nigeria,WEST AFRICA,Tier 3,8,Gates of Olympus,Pragmatic Play,Tier3_Top15_27_03(P1)_Blask_iGamingNews.pdf
2026-03-27,Nigeria,WEST AFRICA,Tier 3,9,Sweet Bonanza 1000,Pragmatic Play,Tier3_Top15_27_03(P1)_Blask_iGamingNews.pdf
2026-03-27,Nigeria,WEST AFRICA,Tier 3,10,Wild Bounty Showdown,Pocket Games Soft,Tier3_Top15_27_03(P1)_Blask_iGamingNews.pdf
2026-03-27,Nigeria,WEST AFRICA,Tier 3,11,Book of Dead,Play'n GO,Tier3_Top15_27_03(P1)_Blask_iGamingNews.pdf
2026-03-27,Nigeria,WEST AFRICA,Tier 3,12,Starburst,NetEnt,Tier3_Top15_27_03(P1)_Blask_iGamingNews.pdf
2026-03-27,Nigeria,WEST AFRICA,Tier 3,13,Sugar Rush,Pragmatic Play,Tier3_Top15_27_03(P1)_Blask_iGamingNews.pdf
2026-03-27,Nigeria,WEST AFRICA,Tier 3,14,Bigger Bass Bonanza,Pragmatic Play,Tier3_Top15_27_03(P1)_Blask_iGamingNews.pdf
2026-03-27,Nigeria,WEST AFRICA,Tier 3,15,Big Bass Bonanza,Reel Kingdom,Tier3_Top15_27_03(P1)_Blask_iGamingNews.pdf
2026-03-27,Ghana,WEST AFRICA,Tier 3,1,Gates of Olympus 1000,Pragmatic Play,Tier3_Top15_27_03(P2)_Blask_iGamingNews.pdf
2026-03-27,Ghana,WEST AFRICA,Tier 3,2,Gates of Olympus,Pragmatic Play,Tier3_Top15_27_03(P2)_Blask_iGamingNews.pdf
2026-03-27,Ghana,WEST AFRICA,Tier 3,3,Aviator,Spribe,Tier3_Top15_27_03(P2)_Blask_iGamingNews.pdf
2026-03-27,Ghana,WEST AFRICA,Tier 3,4,Sugar Rush 1000,Pragmatic Play,Tier3_Top15_27_03(P2)_Blask_iGamingNews.pdf
2026-03-27,Ghana,WEST AFRICA,Tier 3,5,European Roulette,Evoplay,Tier3_Top15_27_03(P2)_Blask_iGamingNews.pdf
2026-03-27,Ghana,WEST AFRICA,Tier 3,6,Sweet Bonanza,Pragmatic Play,Tier3_Top15_27_03(P2)_Blask_iGamingNews.pdf
2026-03-27,Ghana,WEST AFRICA,Tier 3,7,Big Bass Splash,Reel Kingdom,Tier3_Top15_27_03(P2)_Blask_iGamingNews.pdf
2026-03-27,Ghana,WEST AFRICA,Tier 3,8,Sugar Rush,Pragmatic Play,Tier3_Top15_27_03(P2)_Blask_iGamingNews.pdf
2026-03-27,Ghana,WEST AFRICA,Tier 3,9,Sweet Bonanza 1000,Pragmatic Play,Tier3_Top15_27_03(P2)_Blask_iGamingNews.pdf
2026-03-27,Ghana,WEST AFRICA,Tier 3,10,Gates of Olympus Super Scatter,Pragmatic Play,Tier3_Top15_27_03(P2)_Blask_iGamingNews.pdf
2026-03-27,Ghana,WEST AFRICA,Tier 3,11,Big Bass Bonanza,Reel Kingdom,Tier3_Top15_27_03(P2)_Blask_iGamingNews.pdf
2026-03-27,Ghana,WEST AFRICA,Tier 3,12,Buffalo King Megaways,Pragmatic Play,Tier3_Top15_27_03(P2)_Blask_iGamingNews.pdf
2026-03-27,Ghana,WEST AFRICA,Tier 3,13,Madame Destiny Megaways,Pragmatic Play,Tier3_Top15_27_03(P2)_Blask_iGamingNews.pdf
2026-03-27,Ghana,WEST AFRICA,Tier 3,14,Book of Dead,Play'n GO,Tier3_Top15_27_03(P2)_Blask_iGamingNews.pdf
2026-03-27,Ghana,WEST AFRICA,Tier 3,15,Zeus vs Hades Gods of War,Pragmatic Play,Tier3_Top15_27_03(P2)_Blask_iGamingNews.pdf
2026-08-28,India,INDIA,Tier 3,1,Aviator,Spribe,Tier3_Top15_28_08_Blask_iGamingNews.pdf
2026-08-28,India,INDIA,Tier 3,2,JetX,SmartSoft Gaming,Tier3_Top15_28_08_Blask_iGamingNews.pdf
2026-08-28,India,INDIA,Tier 3,3,Ice Fishing,Evolution,Tier3_Top15_28_08_Blask_iGamingNews.pdf
2026-08-28,India,INDIA,Tier 3,4,Fortune Gems 2,TaDa Gaming,Tier3_Top15_28_08_Blask_iGamingNews.pdf
2026-08-28,India,INDIA,Tier 3,5,Fortune Garuda 500,JILI,Tier3_Top15_28_08_Blask_iGamingNews.pdf
2026-08-28,India,INDIA,Tier 3,6,Crazy Time,Evolution,Tier3_Top15_28_08_Blask_iGamingNews.pdf
2026-08-28,India,INDIA,Tier 3,7,Aviatrix,Aviatrix,Tier3_Top15_28_08_Blask_iGamingNews.pdf
2026-08-28,India,INDIA,Tier 3,8,Dragon Tiger,Evolution,Tier3_Top15_28_08_Blask_iGamingNews.pdf
2026-08-28,India,INDIA,Tier 3,9,Fortune Gems 3,TaDa Gaming,Tier3_Top15_28_08_Blask_iGamingNews.pdf
2026-08-28,India,INDIA,Tier 3,10,Tower Rush,Popiplay,Tier3_Top15_28_08_Blask_iGamingNews.pdf
2026-08-28,India,INDIA,Tier 3,11,Red Door Roulette,Evolution,Tier3_Top15_28_08_Blask_iGamingNews.pdf
2026-08-28,India,INDIA,Tier 3,12,Andar Bahar,Evolution,Tier3_Top15_28_08_Blask_iGamingNews.pdf
2026-08-28,India,INDIA,Tier 3,13,Xxxtreme Lightning Roulette,Evolution,Tier3_Top15_28_08_Blask_iGamingNews.pdf
2026-08-28,India,INDIA,Tier 3,14,Chicken Road,InOut Games,Tier3_Top15_28_08_Blask_iGamingNews.pdf
2026-08-28,India,INDIA,Tier 3,15,Aviatrix Second Chance,Aviatrix,Tier3_Top15_28_08_Blask_iGamingNews.pdf
2026-08-28,Mexico,LATAM,Tier 3,1,Oink Oink Oink,Playtech,Tier3_Top15_28_08_Blask_iGamingNews.pdf
2026-08-28,Mexico,LATAM,Tier 3,2,Mega Fire Blaze Roulette Live,Playtech,Tier3_Top15_28_08_Blask_iGamingNews.pdf
2026-08-28,Mexico,LATAM,Tier 3,3,Taco Libre Jackpot,Playtech,Tier3_Top15_28_08_Blask_iGamingNews.pdf
2026-08-28,Mexico,LATAM,Tier 3,4,Joker's Jewels,Pragmatic Play,Tier3_Top15_28_08_Blask_iGamingNews.pdf
2026-08-28,Mexico,LATAM,Tier 3,5,Mega Fire Blaze: Big Circus,Playtech,Tier3_Top15_28_08_Blask_iGamingNews.pdf
2026-08-28,Mexico,LATAM,Tier 3,6,Buffalo Blitz,Playtech,Tier3_Top15_28_08_Blask_iGamingNews.pdf
2026-08-28,Mexico,LATAM,Tier 3,7,Fire Blaze: Blue Wizard Megaways,Playtech,Tier3_Top15_28_08_Blask_iGamingNews.pdf
2026-08-28,Mexico,LATAM,Tier 3,8,Clasico Blackjack,Playtech,Tier3_Top15_28_08_Blask_iGamingNews.pdf
2026-08-28,Mexico,LATAM,Tier 3,9,Spaceman,Pragmatic Play,Tier3_Top15_28_08_Blask_iGamingNews.pdf
2026-08-28,Mexico,LATAM,Tier 3,10,All Bets Blackjack Live,Playtech,Tier3_Top15_28_08_Blask_iGamingNews.pdf
2026-08-28,Mexico,LATAM,Tier 3,11,Ruleta Caliente En Vivo,Playtech,Tier3_Top15_28_08_Blask_iGamingNews.pdf
2026-08-28,Mexico,LATAM,Tier 3,12,Age of the Gods,Playtech,Tier3_Top15_28_08_Blask_iGamingNews.pdf
2026-08-28,Mexico,LATAM,Tier 3,13,Gold Trio: Calacamania,Playtech,Tier3_Top15_28_08_Blask_iGamingNews.pdf
2026-08-28,Mexico,LATAM,Tier 3,14,Roulette En Vivo Live Casino,Playtech,Tier3_Top15_28_08_Blask_iGamingNews.pdf
2026-08-28,Mexico,LATAM,Tier 3,15,Gold Trio: Zones Trio Picante Caliente,Playtech,Tier3_Top15_28_08_Blask_iGamingNews.pdf
2026-08-28,Chile,LATAM,Tier 3,1,Sweet Bonanza 1000,Pragmatic Play,Tier3_Top15_28_08_Blask_iGamingNews.pdf
2026-08-28,Chile,LATAM,Tier 3,2,Gates of Olympus 1000,Pragmatic Play,Tier3_Top15_28_08_Blask_iGamingNews.pdf
2026-08-28,Chile,LATAM,Tier 3,3,Sugar Rush 1000,Pragmatic Play,Tier3_Top15_28_08_Blask_iGamingNews.pdf
2026-08-28,Chile,LATAM,Tier 3,4,Gates of Olympus Super Scatter,Pragmatic Play,Tier3_Top15_28_08_Blask_iGamingNews.pdf
2026-08-28,Chile,LATAM,Tier 3,5,4 Supercharged Clovers: Hold and Win,Playson,Tier3_Top15_28_08_Blask_iGamingNews.pdf
2026-08-28,Chile,LATAM,Tier 3,6,Aviator,Spribe,Tier3_Top15_28_08_Blask_iGamingNews.pdf
2026-08-28,Chile,LATAM,Tier 3,7,Gates of Olympus,Pragmatic Play,Tier3_Top15_28_08_Blask_iGamingNews.pdf
2026-08-28,Chile,LATAM,Tier 3,8,3 Hot Teapots,3 Oaks Gaming,Tier3_Top15_28_08_Blask_iGamingNews.pdf
2026-08-28,Chile,LATAM,Tier 3,9,Lucky Penny 3 Pots: Super Wheel,3 Oaks Gaming,Tier3_Top15_28_08_Blask_iGamingNews.pdf
2026-08-28,Chile,LATAM,Tier 3,10,Thunder Coins XXL: Multicoin,Playson,Tier3_Top15_28_08_Blask_iGamingNews.pdf
2026-08-28,Chile,LATAM,Tier 3,11,Blazing Stones,SYNOT Games,Tier3_Top15_28_08_Blask_iGamingNews.pdf
2026-08-28,Chile,LATAM,Tier 3,12,Voltage Blitz Lucky Wukong,Koala Games,Tier3_Top15_28_08_Blask_iGamingNews.pdf
2026-08-28,Chile,LATAM,Tier 3,13,Sweet Bonanza,Pragmatic Play,Tier3_Top15_28_08_Blask_iGamingNews.pdf
2026-08-28,Chile,LATAM,Tier 3,14,Sweet Bonanza 2500,Pragmatic Play,Tier3_Top15_28_08_Blask_iGamingNews.pdf
2026-08-28,Chile,LATAM,Tier 3,15,Tres Pinatas,Hacksaw Gaming,Tier3_Top15_28_08_Blask_iGamingNews.pdf
2026-08-28,Nigeria,WEST AFRICA,Tier 3,1,Aviator,Spribe,Tier3_Top15_28_08_Blask_iGamingNews.pdf
2026-08-28,Nigeria,WEST AFRICA,Tier 3,2,Spin da Bottle (Sportybet),Unknown,Tier3_Top15_28_08_Blask_iGamingNews.pdf
2026-08-28,Nigeria,WEST AFRICA,Tier 3,3,High Flyer,Pragmatic Play,Tier3_Top15_28_08_Blask_iGamingNews.pdf
2026-08-28,Nigeria,WEST AFRICA,Tier 3,4,Gates of Olympus,Pragmatic Play,Tier3_Top15_28_08_Blask_iGamingNews.pdf
2026-08-28,Nigeria,WEST AFRICA,Tier 3,5,Spaceman,Pragmatic Play,Tier3_Top15_28_08_Blask_iGamingNews.pdf
2026-08-28,Nigeria,WEST AFRICA,Tier 3,6,Aero,Turbo Games,Tier3_Top15_28_08_Blask_iGamingNews.pdf
2026-08-28,Nigeria,WEST AFRICA,Tier 3,7,Spin Match,Unknown,Tier3_Top15_28_08_Blask_iGamingNews.pdf
2026-08-28,Nigeria,WEST AFRICA,Tier 3,8,Crash X,Turbo Games,Tier3_Top15_28_08_Blask_iGamingNews.pdf
2026-08-28,Nigeria,WEST AFRICA,Tier 3,9,Roulette,Various provider,Tier3_Top15_28_08_Blask_iGamingNews.pdf
2026-08-28,Nigeria,WEST AFRICA,Tier 3,10,Comet Crash,SplitThePot,Tier3_Top15_28_08_Blask_iGamingNews.pdf
2026-08-28,Nigeria,WEST AFRICA,Tier 3,11,Sweet Bonanza,Pragmatic Play,Tier3_Top15_28_08_Blask_iGamingNews.pdf
2026-08-28,Nigeria,WEST AFRICA,Tier 3,12,YOriginal Mines,YOriginal,Tier3_Top15_28_08_Blask_iGamingNews.pdf
2026-08-28,Nigeria,WEST AFRICA,Tier 3,13,Skyward,BetGames,Tier3_Top15_28_08_Blask_iGamingNews.pdf
2026-08-28,Nigeria,WEST AFRICA,Tier 3,14,Red Black by Nocturne Studios,Nocturne Studios,Tier3_Top15_28_08_Blask_iGamingNews.pdf
2026-08-28,Nigeria,WEST AFRICA,Tier 3,15,Even Odd (Sportybet),Unknown,Tier3_Top15_28_08_Blask_iGamingNews.pdf
2026-08-28,Colombia,LATAM,Tier 3,1,Aviator,Spribe,Tier3_Top15_28_08_Blask_iGamingNews.pdf
2026-08-28,Colombia,LATAM,Tier 3,2,Dulzura Tricolor,Pragmatic Play,Tier3_Top15_28_08_Blask_iGamingNews.pdf
2026-08-28,Colombia,LATAM,Tier 3,3,Gates of Olympus 1000,Pragmatic Play,Tier3_Top15_28_08_Blask_iGamingNews.pdf
2026-08-28,Colombia,LATAM,Tier 3,4,Joker's Jewels,Pragmatic Play,Tier3_Top15_28_08_Blask_iGamingNews.pdf
2026-08-28,Colombia,LATAM,Tier 3,5,All Bets Blackjack Live,Playtech,Tier3_Top15_28_08_Blask_iGamingNews.pdf
2026-08-28,Colombia,LATAM,Tier 3,6,Oink Oink Oink,Playtech,Tier3_Top15_28_08_Blask_iGamingNews.pdf
2026-08-28,Colombia,LATAM,Tier 3,7,Lightning Roulette,Evolution,Tier3_Top15_28_08_Blask_iGamingNews.pdf
2026-08-28,Colombia,LATAM,Tier 3,8,J Mania Loco Habanero,RubyPlay,Tier3_Top15_28_08_Blask_iGamingNews.pdf
2026-08-28,Colombia,LATAM,Tier 3,9,Cash it,Playtech,Tier3_Top15_28_08_Blask_iGamingNews.pdf
2026-08-28,Colombia,LATAM,Tier 3,10,Diamond Explosion 7s,RubyPlay,Tier3_Top15_28_08_Blask_iGamingNews.pdf
2026-08-28,Colombia,LATAM,Tier 3,11,Spaceman,Pragmatic Play,Tier3_Top15_28_08_Blask_iGamingNews.pdf
2026-08-28,Colombia,LATAM,Tier 3,12,Rush Fever 7s Deluxe,RubyPlay,Tier3_Top15_28_08_Blask_iGamingNews.pdf
2026-08-28,Colombia,LATAM,Tier 3,13,40 Shining Crown Bell Link,EGT Digital,Tier3_Top15_28_08_Blask_iGamingNews.pdf
2026-08-28,Colombia,LATAM,Tier 3,14,Porko Collect Super Pot,Amusnet,Tier3_Top15_28_08_Blask_iGamingNews.pdf
2026-08-28,Colombia,LATAM,Tier 3,15,Congo Cash XL,Pragmatic Play,Tier3_Top15_28_08_Blask_iGamingNews.pdf
2026-08-28,Ghana,WEST AFRICA,Tier 3,1,Aviator,Spribe,Tier3_Top15_28_08_Blask_iGamingNews.pdf
2026-08-28,Ghana,WEST AFRICA,Tier 3,2,Spin da Bottle (Sportybet),Unknown,Tier3_Top15_28_08_Blask_iGamingNews.pdf
2026-08-28,Ghana,WEST AFRICA,Tier 3,3,Skyward,BetGames,Tier3_Top15_28_08_Blask_iGamingNews.pdf
2026-08-28,Ghana,WEST AFRICA,Tier 3,4,High Flyer,Pragmatic Play,Tier3_Top15_28_08_Blask_iGamingNews.pdf
2026-08-28,Ghana,WEST AFRICA,Tier 3,5,Gates of Olympus,Pragmatic Play,Tier3_Top15_28_08_Blask_iGamingNews.pdf
2026-08-28,Ghana,WEST AFRICA,Tier 3,6,Comet Crash,SplitThePot,Tier3_Top15_28_08_Blask_iGamingNews.pdf
2026-08-28,Ghana,WEST AFRICA,Tier 3,7,Red Black by Nocturne Studios,Nocturne Studios,Tier3_Top15_28_08_Blask_iGamingNews.pdf
2026-08-28,Ghana,WEST AFRICA,Tier 3,8,Taxi Ride,SplitThePot,Tier3_Top15_28_08_Blask_iGamingNews.pdf
2026-08-28,Ghana,WEST AFRICA,Tier 3,9,Aero,Turbo Games,Tier3_Top15_28_08_Blask_iGamingNews.pdf
2026-08-28,Ghana,WEST AFRICA,Tier 3,10,Spaceman,Pragmatic Play,Tier3_Top15_28_08_Blask_iGamingNews.pdf
2026-08-28,Ghana,WEST AFRICA,Tier 3,11,Sporty Jet (Sportybet),Unknown,Tier3_Top15_28_08_Blask_iGamingNews.pdf
2026-08-28,Ghana,WEST AFRICA,Tier 3,12,Sporty Hero,Unknown,Tier3_Top15_28_08_Blask_iGamingNews.pdf
2026-08-28,Ghana,WEST AFRICA,Tier 3,13,Sweet Bonanza,Pragmatic Play,Tier3_Top15_28_08_Blask_iGamingNews.pdf
2026-08-28,Ghana,WEST AFRICA,Tier 3,14,Sporty Speed,Unknown,Tier3_Top15_28_08_Blask_iGamingNews.pdf
2026-08-28,Ghana,WEST AFRICA,Tier 3,15,Pearl Drop,Proprietary Games,Tier3_Top15_28_08_Blask_iGamingNews.pdf
2026-05-29,India,INDIA,Tier 3,1,Aviator,Spribe,Tier3_Top15_29_05(P1)_Blask_iGamingNews.pdf
2026-05-29,India,INDIA,Tier 3,2,Fortune Gems 2,TaDa Gaming,Tier3_Top15_29_05(P1)_Blask_iGamingNews.pdf
2026-05-29,India,INDIA,Tier 3,3,Aviatrix,Aviatrix,Tier3_Top15_29_05(P1)_Blask_iGamingNews.pdf
2026-05-29,India,INDIA,Tier 3,4,Crazy Time,Evolution,Tier3_Top15_29_05(P1)_Blask_iGamingNews.pdf
2026-05-29,India,INDIA,Tier 3,5,Chicken Road,InOut Games,Tier3_Top15_29_05(P1)_Blask_iGamingNews.pdf
2026-05-29,India,INDIA,Tier 3,6,Fortune Gems 3,TaDa Gaming,Tier3_Top15_29_05(P1)_Blask_iGamingNews.pdf
2026-05-29,India,INDIA,Tier 3,7,Fortune Gems,TaDa Gaming,Tier3_Top15_29_05(P1)_Blask_iGamingNews.pdf
2026-05-29,India,INDIA,Tier 3,8,JetX,SmartSoft Gaming,Tier3_Top15_29_05(P1)_Blask_iGamingNews.pdf
2026-05-29,India,INDIA,Tier 3,9,Andar Bahar,Playtech,Tier3_Top15_29_05(P1)_Blask_iGamingNews.pdf
2026-05-29,India,INDIA,Tier 3,10,Gates of Olympus Super Scatter,Pragmatic Play,Tier3_Top15_29_05(P1)_Blask_iGamingNews.pdf
2026-05-29,India,INDIA,Tier 3,11,Chicken Road 2.0,InOut Games,Tier3_Top15_29_05(P1)_Blask_iGamingNews.pdf
2026-05-29,India,INDIA,Tier 3,12,Roulette,Various provider,Tier3_Top15_29_05(P1)_Blask_iGamingNews.pdf
2026-05-29,India,INDIA,Tier 3,13,Adventures Beyond Wonderland Live,Playtech,Tier3_Top15_29_05(P1)_Blask_iGamingNews.pdf
2026-05-29,India,INDIA,Tier 3,14,Money Coming Expanded Bets,TaDa Gaming,Tier3_Top15_29_05(P1)_Blask_iGamingNews.pdf
2026-05-29,India,INDIA,Tier 3,15,Supreme Hot,Amusnet,Tier3_Top15_29_05(P1)_Blask_iGamingNews.pdf
2026-05-29,Mexico,LATAM,Tier 3,1,Oink Oink Oink,Playtech,Tier3_Top15_29_05(P1)_Blask_iGamingNews.pdf
2026-05-29,Mexico,LATAM,Tier 3,2,Joker’s Jewels,Pragmatic Play,Tier3_Top15_29_05(P1)_Blask_iGamingNews.pdf
2026-05-29,Mexico,LATAM,Tier 3,3,Mega Fire Blaze Roulette Live,Playtech,Tier3_Top15_29_05(P1)_Blask_iGamingNews.pdf
2026-05-29,Mexico,LATAM,Tier 3,4,Spaceman,Pragmatic Play,Tier3_Top15_29_05(P1)_Blask_iGamingNews.pdf
2026-05-29,Mexico,LATAM,Tier 3,5,Mega Fire Blaze: Big Circus,Playtech,Tier3_Top15_29_05(P1)_Blask_iGamingNews.pdf
2026-05-29,Mexico,LATAM,Tier 3,6,Buffalo Blitz,Playtech,Tier3_Top15_29_05(P1)_Blask_iGamingNews.pdf
2026-05-29,Mexico,LATAM,Tier 3,7,Mega Roulette,Pragmatic Play,Tier3_Top15_29_05(P1)_Blask_iGamingNews.pdf
2026-05-29,Mexico,LATAM,Tier 3,8,Blue Wizard,Playtech,Tier3_Top15_29_05(P1)_Blask_iGamingNews.pdf
2026-05-29,Mexico,LATAM,Tier 3,9,Sugar Rush,Pragmatic Play,Tier3_Top15_29_05(P1)_Blask_iGamingNews.pdf
2026-05-29,Mexico,LATAM,Tier 3,10,Mega Wheel,Pragmatic Play,Tier3_Top15_29_05(P1)_Blask_iGamingNews.pdf
2026-05-29,Mexico,LATAM,Tier 3,11,All Bets Blackjack Live,Playtech,Tier3_Top15_29_05(P1)_Blask_iGamingNews.pdf
2026-05-29,Mexico,LATAM,Tier 3,12,Adventures Beyond Wonderland Live,Playtech,Tier3_Top15_29_05(P1)_Blask_iGamingNews.pdf
2026-05-29,Mexico,LATAM,Tier 3,13,Fu Frog Garden,Zitro,Tier3_Top15_29_05(P1)_Blask_iGamingNews.pdf
2026-05-29,Mexico,LATAM,Tier 3,14,Fire Blaze: Blue Wizard PowerPlay Jackpot,Playtech,Tier3_Top15_29_05(P1)_Blask_iGamingNews.pdf
2026-05-29,Mexico,LATAM,Tier 3,15,Age of the Gods,Playtech,Tier3_Top15_29_05(P1)_Blask_iGamingNews.pdf
2026-05-29,Chile,LATAM,Tier 3,1,Sweet Bonanza 1000,Pragmatic Play,Tier3_Top15_29_05(P1)_Blask_iGamingNews.pdf
2026-05-29,Chile,LATAM,Tier 3,2,Gates of Olympus Super Scatter,Pragmatic Play,Tier3_Top15_29_05(P1)_Blask_iGamingNews.pdf
2026-05-29,Chile,LATAM,Tier 3,3,Gates of Olympus 1000,Pragmatic Play,Tier3_Top15_29_05(P1)_Blask_iGamingNews.pdf
2026-05-29,Chile,LATAM,Tier 3,4,The Dog House,Pragmatic Play,Tier3_Top15_29_05(P1)_Blask_iGamingNews.pdf
2026-05-29,Chile,LATAM,Tier 3,5,Sweet Bonanza,Pragmatic Play,Tier3_Top15_29_05(P1)_Blask_iGamingNews.pdf
2026-05-29,Chile,LATAM,Tier 3,6,Gates of Olympus,Pragmatic Play,Tier3_Top15_29_05(P1)_Blask_iGamingNews.pdf
2026-05-29,Chile,LATAM,Tier 3,7,Le Cowboy,Hacksaw Gaming,Tier3_Top15_29_05(P1)_Blask_iGamingNews.pdf
2026-05-29,Chile,LATAM,Tier 3,8,Sugar Rush 1000,Pragmatic Play,Tier3_Top15_29_05(P1)_Blask_iGamingNews.pdf
2026-05-29,Chile,LATAM,Tier 3,9,3 Supercharged Diamonds: Hold and Win,Playson,Tier3_Top15_29_05(P1)_Blask_iGamingNews.pdf
2026-05-29,Chile,LATAM,Tier 3,10,Gates of Olympus Roulette,Pragmatic Play,Tier3_Top15_29_05(P1)_Blask_iGamingNews.pdf
2026-05-29,Chile,LATAM,Tier 3,11,Aviator,Spribe,Tier3_Top15_29_05(P1)_Blask_iGamingNews.pdf
2026-05-29,Chile,LATAM,Tier 3,12,Diamondz Megaways,SYNOT Games,Tier3_Top15_29_05(P1)_Blask_iGamingNews.pdf
2026-05-29,Chile,LATAM,Tier 3,13,Buzz Patrol,Bullshark Games,Tier3_Top15_29_05(P1)_Blask_iGamingNews.pdf
2026-05-29,Chile,LATAM,Tier 3,14,Sweet Bonanza 2500,Pragmatic Play,Tier3_Top15_29_05(P1)_Blask_iGamingNews.pdf
2026-05-29,Chile,LATAM,Tier 3,15,Reels Avenue Link&Win,Foxium,Tier3_Top15_29_05(P1)_Blask_iGamingNews.pdf
2026-05-29,Nigeria,WEST AFRICA,Tier 3,1,Aviator,Spribe,Tier3_Top15_29_05(P1)_Blask_iGamingNews.pdf
2026-05-29,Nigeria,WEST AFRICA,Tier 3,2,High Flyer,Pragmatic Play,Tier3_Top15_29_05(P1)_Blask_iGamingNews.pdf
2026-05-29,Nigeria,WEST AFRICA,Tier 3,3,Gates of Olympus,Pragmatic Play,Tier3_Top15_29_05(P1)_Blask_iGamingNews.pdf
2026-05-29,Nigeria,WEST AFRICA,Tier 3,4,Roulette,Various provider,Tier3_Top15_29_05(P1)_Blask_iGamingNews.pdf
2026-05-29,Nigeria,WEST AFRICA,Tier 3,5,Aero,Turbo Games,Tier3_Top15_29_05(P1)_Blask_iGamingNews.pdf
2026-05-29,Nigeria,WEST AFRICA,Tier 3,6,Spaceman,Pragmatic Play,Tier3_Top15_29_05(P1)_Blask_iGamingNews.pdf
2026-05-29,Nigeria,WEST AFRICA,Tier 3,7,Crash X,Turbo Games,Tier3_Top15_29_05(P1)_Blask_iGamingNews.pdf
2026-05-29,Nigeria,WEST AFRICA,Tier 3,8,YOriginal Mines,YOriginal,Tier3_Top15_29_05(P1)_Blask_iGamingNews.pdf
2026-05-29,Nigeria,WEST AFRICA,Tier 3,9,Big Bass Crash,Pragmatic Play,Tier3_Top15_29_05(P1)_Blask_iGamingNews.pdf
2026-05-29,Nigeria,WEST AFRICA,Tier 3,10,Comet Crash,SplitThePot,Tier3_Top15_29_05(P1)_Blask_iGamingNews.pdf
2026-05-29,Nigeria,WEST AFRICA,Tier 3,11,Sweet Bonanza,Pragmatic Play,Tier3_Top15_29_05(P1)_Blask_iGamingNews.pdf
2026-05-29,Nigeria,WEST AFRICA,Tier 3,12,Skyward,BetGames,Tier3_Top15_29_05(P1)_Blask_iGamingNews.pdf
2026-05-29,Nigeria,WEST AFRICA,Tier 3,13,Spin da Bottle (Sportybet),Unknown,Tier3_Top15_29_05(P1)_Blask_iGamingNews.pdf
2026-05-29,Nigeria,WEST AFRICA,Tier 3,14,JetX,SmartSoft Gaming,Tier3_Top15_29_05(P1)_Blask_iGamingNews.pdf
2026-05-29,Nigeria,WEST AFRICA,Tier 3,15,Hamsta,Turbo Games,Tier3_Top15_29_05(P1)_Blask_iGamingNews.pdf
2026-05-29,Ghana,WEST AFRICA,Tier 3,1,Aviator,Spribe,Tier3_Top15_29_05(P2)_Blask_iGamingNews.pdf
2026-05-29,Ghana,WEST AFRICA,Tier 3,2,High Flyer,Pragmatic Play,Tier3_Top15_29_05(P2)_Blask_iGamingNews.pdf
2026-05-29,Ghana,WEST AFRICA,Tier 3,3,Spin da Bottle (Sportybet),Unknown,Tier3_Top15_29_05(P2)_Blask_iGamingNews.pdf
2026-05-29,Ghana,WEST AFRICA,Tier 3,4,Taxi Ride,SplitThePot,Tier3_Top15_29_05(P2)_Blask_iGamingNews.pdf
2026-05-29,Ghana,WEST AFRICA,Tier 3,5,Spaceman,Pragmatic Play,Tier3_Top15_29_05(P2)_Blask_iGamingNews.pdf
2026-05-29,Ghana,WEST AFRICA,Tier 3,6,Sweet Bonanza,Pragmatic Play,Tier3_Top15_29_05(P2)_Blask_iGamingNews.pdf
2026-05-29,Ghana,WEST AFRICA,Tier 3,7,Aero,Turbo Games,Tier3_Top15_29_05(P2)_Blask_iGamingNews.pdf
2026-05-29,Ghana,WEST AFRICA,Tier 3,8,Gates of Olympus Super Scatter,Pragmatic Play,Tier3_Top15_29_05(P2)_Blask_iGamingNews.pdf
2026-05-29,Ghana,WEST AFRICA,Tier 3,9,Comet Crash,SplitThePot,Tier3_Top15_29_05(P2)_Blask_iGamingNews.pdf
2026-05-29,Ghana,WEST AFRICA,Tier 3,10,Even Odd (Sportybet),Unknown,Tier3_Top15_29_05(P2)_Blask_iGamingNews.pdf
2026-05-29,Ghana,WEST AFRICA,Tier 3,11,Sporty Hero,Unknown,Tier3_Top15_29_05(P2)_Blask_iGamingNews.pdf
2026-05-29,Ghana,WEST AFRICA,Tier 3,12,Sporty Jet (Sportybet),Unknown,Tier3_Top15_29_05(P2)_Blask_iGamingNews.pdf
2026-05-29,Ghana,WEST AFRICA,Tier 3,13,YOriginal Mines,YOriginal,Tier3_Top15_29_05(P2)_Blask_iGamingNews.pdf
2026-05-29,Ghana,WEST AFRICA,Tier 3,14,Skyward,BetGames,Tier3_Top15_29_05(P2)_Blask_iGamingNews.pdf
2026-05-29,Ghana,WEST AFRICA,Tier 3,15,Sporty Speed,Unknown,Tier3_Top15_29_05(P2)_Blask_iGamingNews.pdf
